EnsemblID,ensembl_stable,Gene_name,Gene_type,Chr,baseMean,raw_log2FC,raw_FC,raw_padj,norm_log2FC,norm_padj,deviation_magnitude,dev_z,q_outlier,eligible_idx,passes_magnitude_filter,tier,low_expr,high_repeat,sig_lane,eqtl_lane,n_cis_total,n_dir_match,n_dir_match_minor,n_supp_with_repro,p_gene_perm,q_gene_bh,cis_eqtl_detected,best_minor_allele,best_major_allele,best_maf_gtex,best_maf_gnomad,best_maf_htp,best_minor_concordant,best_slope_minor_t21,best_slope_minor_gtex,strongest_supp_pval,strongest_supp_variant,strongest_dir_pval,strongest_dir_variant,strongest_overall_pval,strongest_overall_variant,best_variant
ENSG00000243064.8,ENSG00000243064,ABCC13,transcribed_unprocessed_pseudogene,chr21,251.471305890956,1.59140928653185,3.0134357110851,9.19233075281401e-08,1.00658449149668,0.00208414709912952,1.00658449149668,4.88124784709078,7.58942525222089e-05,TRUE,TRUE,1,FALSE,FALSE,DE_high,cis_eqtl,179,83,55,22,0.026973026973027,0.0337162837162837,TRUE,C,T,0.411874979734421,0.425199,0.411192214111922,TRUE,0.230659217958111,0.104735165834427,0.000503038879836352,chr21_14227444_T_C_b38,1.99540984644501e-13,chr21_14286933_A_G_b38,2.76578317767251e-17,chr21_14274118_C_T_b38,chr21_14227444_T_C_b38
ENSG00000159231.6,ENSG00000159231,CBR3,protein_coding,chr21,136.232734213519,1.11288538057618,2.16277769149713,2.45084578203737e-15,0.527922992847512,0.000944926903201444,0.527922992847512,2.52360971349119,0.136707628260473,TRUE,TRUE,2,FALSE,FALSE,DE_high,cis_eqtl,201,25,74,13,0.000999000999000999,0.00166500166500167,TRUE,C,T,0.419375002384186,0.465361,0.435523114355231,TRUE,-0.273610914749962,-0.286937087774277,8.16493778590548e-08,chr21_36178019_C_G_b38,2.09556416937114e-07,chr21_36126449_C_T_b38,6.24107250900919e-15,chr21_36134468_C_T_b38,chr21_36117592_T_C_b38
ENSG00000154734.15,ENSG00000154734,ADAMTS1,protein_coding,chr21,164.133540757315,1.06168361078558,2.08736603631388,6.90816862288923e-14,0.476721177099708,0.00344384446819587,0.476721177099708,2.27141614108724,0.196535284710415,TRUE,TRUE,2,FALSE,FALSE,DE_high,cis_eqtl,23,21,1,21,0.000999000999000999,0.00166500166500167,TRUE,T,C,0.226875007152557,0.23547,0.28345498783455,TRUE,-0.1727149928992,-0.145158499479294,3.67519173732312e-06,chr21_26838338_T_C_b38,1.88879451993512e-08,chr21_26844373_G_T_b38,1.88879451993512e-08,chr21_26844373_G_T_b38,chr21_26838338_T_C_b38
ENSG00000182362.14,ENSG00000182362,YBEY,protein_coding,chr21,409.731225906504,1.05526305700331,2.07809708649832,7.1398696228265e-30,0.470300581039371,5.70249683645668e-06,0.470300581039371,2.23979161696109,0.202156922009953,TRUE,TRUE,2,FALSE,FALSE,DE_high,cis_eqtl,1083,430,520,352,0.000999000999000999,0.00166500166500167,TRUE,T,C,0.386875033378601,0.41246,0.349148418491484,TRUE,0.210796810195525,0.632157623767853,4.6363847824209e-16,chr21_46366609_A_G_b38,1.36865706293364e-55,chr21_46349220_A_T_b38,5.13579046611091e-70,chr21_46297436_C_G_b38,chr21_46261213_T_C_b38
ENSG00000142173.16,ENSG00000142173,COL6A2,protein_coding,chr21,2231.35838329487,1.00299433482497,2.00415534022642,5.13572625791679e-16,0.418031851377076,0.00356832801582333,0.418031851377076,1.98234298030575,0.290338103974563,TRUE,TRUE,2,FALSE,FALSE,DE_high,cis_eqtl,150,87,90,74,0.000999000999000999,0.00166500166500167,TRUE,T,G,0.144374996423721,0.153708,0.160583941605839,TRUE,-0.295543724812219,-0.215598791837692,8.83843991994208e-12,chr21_46098272_T_C_b38,9.4331899550952e-17,chr21_46097955_A_T_b38,9.4331899550952e-17,chr21_46097955_A_T_b38,chr21_46099360_G_T_b38
ENSG00000154723.12,ENSG00000154723,ATP5PF,protein_coding,chr21,681.354457672287,1.06289451004412,2.08911876364272,1.79210304615953e-13,0.477931893120083,0.00400091552741813,0.477931893120083,2.27737949988391,0.196535284710415,TRUE,TRUE,2,FALSE,FALSE,DE_high,no_GTEx_data,0,0,0,0,,,,,,,,,,,,,,,,,,
ENSG00000184221.13,ENSG00000184221,OLIG1,protein_coding,chr21,1137.67275381039,-0.170763622685386,0.88837233863548,0.355822733510876,-0.755726091624823,2.96922314392111e-08,0.755726091624823,-3.79897950718546,0.0044459689840823,TRUE,TRUE,1,FALSE,FALSE,DE_low,cis_eqtl,193,85,36,44,0.000999000999000999,0.00166500166500167,TRUE,A,G,0.208124995231628,0.175476,0.257907542579075,TRUE,0.358759513293386,0.449862003326416,4.66614820696548e-23,chr21_33066900_A_G_b38,7.06858593869002e-40,chr21_33067583_C_T_b38,7.06858593869002e-40,chr21_33067583_C_T_b38,chr21_33066900_A_G_b38
ENSG00000180509.12,ENSG00000180509,KCNE1,protein_coding,chr21,98.4971816533819,0.0827338391044837,1.05902293892222,0.676651088893333,-0.502228527634398,0.000190911778510699,0.502228527634398,-2.55038206342808,0.136707628260473,TRUE,TRUE,2,FALSE,FALSE,DE_low,cis_eqtl,87,63,71,60,0.001998001998002,0.00285428856857428,TRUE,C,T,0.261875033378601,0.240399,0.315085158150851,TRUE,-0.125298260643601,-0.145370468497276,7.21074198361788e-05,chr21_34496812_G_A_b38,3.60794192018694e-23,chr21_34512227_G_A_b38,3.60794192018694e-23,chr21_34512227_G_A_b38,chr21_34499081_C_T_b38
ENSG00000183570.16,ENSG00000183570,PCBP3,protein_coding,chr21,121.377807761962,0.084261091167551,1.06014462529406,0.723417700253483,-0.500701390621492,0.00205852451613403,0.500701390621492,-2.54286017903375,0.136707628260473,TRUE,TRUE,2,FALSE,FALSE,DE_low,cis_eqtl,161,54,45,10,0.000999000999000999,0.00166500166500167,TRUE,A,C,0.0737499967217445,0.0553359,0.072992700729927,TRUE,0.321532610631914,0.255447179079056,4.1217624128142e-10,chr21_45642815_A_G_b38,2.94509385597042e-06,chr21_45782123_T_G_b38,3.14356820727667e-11,chr21_45570108_G_A_b38,chr21_45928285_C_A_b38
ENSG00000227757.3,ENSG00000227757,AP000282.1,lncRNA,chr21,43.6707353321415,-0.118999442459263,0.920826053065372,0.640641214521276,-0.703961823048264,4.58322802051552e-05,0.703961823048264,-3.5440155840406,0.0086135055004504,TRUE,TRUE,1,FALSE,FALSE,DE_low,no_GTEx_data,0,0,0,0,,,,,,,,,,,,,,,,,,
ENSG00000159216.18,ENSG00000159216,RUNX1,protein_coding,chr21,2553.49695653353,0.158774287279511,1.11633829480888,0.0163802403188286,-0.426188230686006,5.14273814415415e-14,0.426188230686006,-2.17584702294186,0.215414537561547,TRUE,TRUE,2,FALSE,FALSE,DE_low,no_GTEx_data,0,0,0,0,,,,,,,,,,,,,,,,,,
ENSG00000205927.5,ENSG00000205927,OLIG2,protein_coding,chr21,136.105708587606,-1.59192021638691,0.331729629883195,6.68117067217156e-10,-2.17688312562203,6.49662929251509e-18,2.17688312562203,-10.7988615253564,5.33201578115216e-25,TRUE,TRUE,1,FALSE,FALSE,DE_low,no_cis_eqtl,90,12,1,2,0.3996003996004,0.3996003996004,FALSE,A,G,0.208124995231628,0.175476,0.257907542579075,TRUE,0.134440746232574,0.315317988395691,0.0247080814841854,chr21_33066900_A_G_b38,4.91870087529431e-18,chr21_33060486_A_T_b38,4.91870087529431e-18,chr21_33060486_A_T_b38,chr21_33066900_A_G_b38
ENSG00000182240.16,ENSG00000182240,BACE2,protein_coding,chr21,346.654456615837,0.00763285507774591,1.00530471240257,0.975673030424682,-0.577329598486428,1.03298981905248e-05,0.577329598486428,-2.92029096358946,0.0606529285235337,TRUE,TRUE,2,FALSE,FALSE,DE_low,no_cis_eqtl,36,5,1,0,0.295704295704296,0.328560328560329,FALSE,T,G,0.331249982118607,0.361569,0.324817518248175,TRUE,0.0641753644331986,0.242940649390221,,,1.24493584537734e-16,chr21_41210455_T_C_b38,1.38602932184899e-20,chr21_41209498_C_T_b38,chr21_41209710_G_T_b38
ENSG00000160179.18,ENSG00000160179,ABCG1,protein_coding,chr21,1556.61108113131,0.184728005565908,1.1366026668618,0.293441281969532,-0.400234484042598,0.00679410834959872,0.400234484042598,-2.0480123360724,0.258562290491502,TRUE,FALSE,,FALSE,FALSE,Expected_dosage,not_evaluated,0,0,0,0,,,,,,,,,,,,,,,,,,
ENSG00000228318.3,ENSG00000228318,AP001610.2,lncRNA,chr21,165.985793803131,0.973518228379468,1.96362335131557,0.0006624444458364,0.388555801825101,0.271698080677807,0.388555801825101,1.83715925726196,0.361661336477521,TRUE,FALSE,,FALSE,FALSE,Expected_dosage,not_evaluated,0,0,0,0,,,,,,,,,,,,,,,,,,
ENSG00000232855.7,ENSG00000232855,AF165147.1,lncRNA,chr21,38.4147624645008,0.202432068936217,1.1506364428302,0.366457211745099,-0.382531438561963,0.0481755844139834,0.382531438561963,-1.96081632130251,0.29364497589925,TRUE,FALSE,,FALSE,FALSE,Expected_dosage,not_evaluated,0,0,0,0,,,,,,,,,,,,,,,,,,
ENSG00000166265.13,ENSG00000166265,CYYR1,protein_coding,chr21,42.5988819568482,0.956475433869459,1.94056321948221,1.05496527345081e-07,0.371513458288808,0.0893487613709563,0.371513458288808,1.75321751738845,0.419772262827227,TRUE,FALSE,,FALSE,FALSE,Expected_dosage,not_evaluated,0,0,0,0,,,,,,,,,,,,,,,,,,
ENSG00000198618.5,ENSG00000198618,PPIAP22,processed_pseudogene,chr21,73.3655498674297,0.215005899835363,1.16070866103898,0.228296623914221,-0.369956481778813,0.0192740857890309,0.369956481778813,-1.89887861015593,0.326289150387009,TRUE,FALSE,,FALSE,FALSE,Expected_dosage,not_evaluated,0,0,0,0,,,,,,,,,,,,,,,,,,
ENSG00000273271.1,ENSG00000273271,AP000254.2,lncRNA,chr21,30.6007987802772,0.259181618806896,1.19679961713283,0.102992445440906,-0.32578066942305,0.0320252012626186,0.32578066942305,-1.68129148420865,0.472802186956558,TRUE,FALSE,,FALSE,FALSE,Expected_dosage,not_evaluated,0,0,0,0,,,,,,,,,,,,,,,,,,
ENSG00000228314.1,ENSG00000228314,CYP4F29P,transcribed_unprocessed_pseudogene,chr21,180.757086286539,0.904286058349061,1.8716180643107,0.053864846218902,0.319321219574146,0.597525398238127,0.319321219574146,1.49614563544499,0.600076921549458,TRUE,FALSE,,FALSE,FALSE,Expected_dosage,not_evaluated,0,0,0,0,,,,,,,,,,,,,,,,,,
ENSG00000241837.7,ENSG00000241837,ATP5PO,protein_coding,chr21,922.86223289792,0.902228964060091,1.86895128362546,6.10421133166091e-12,0.317266476631805,0.0472054708157538,0.317266476631805,1.48602503805147,0.600076921549458,TRUE,FALSE,,FALSE,FALSE,Expected_dosage,not_evaluated,0,0,0,0,,,,,,,,,,,,,,,,,,
ENSG00000159082.17,ENSG00000159082,SYNJ1,protein_coding,chr21,1440.97518490939,0.291389139992128,1.22381809864894,0.000474429724352048,-0.293573355751998,0.000472878787767339,0.293573355751998,-1.52265497154581,0.600076921549458,TRUE,FALSE,,FALSE,FALSE,Expected_dosage,not_evaluated,0,0,0,0,,,,,,,,,,,,,,,,,,
ENSG00000157554.19,ENSG00000157554,ERG,protein_coding,chr21,50.6979089214124,0.298408866845502,1.22978734563317,0.535896505331065,-0.286553919088443,0.559921014248496,0.286553919088443,-1.48808086938575,0.600076921549458,TRUE,FALSE,,FALSE,FALSE,Expected_dosage,not_evaluated,0,0,0,0,,,,,,,,,,,,,,,,,,
ENSG00000173276.14,ENSG00000173276,ZBTB21,protein_coding,chr21,538.680869073367,0.29865850280775,1.23000015963817,0.000249227527942011,-0.286303955528918,0.000559330106926577,0.286303955528918,-1.48684967861396,0.600076921549458,TRUE,FALSE,,FALSE,FALSE,Expected_dosage,not_evaluated,0,0,0,0,,,,,,,,,,,,,,,,,,
ENSG00000237989.1,ENSG00000237989,LINC01679,lncRNA,chr21,32.5708871270658,0.310422111748203,1.24007047358929,0.101005540660621,-0.274540842686679,0.162706809521665,0.274540842686679,-1.42891068940141,0.650377094963258,TRUE,FALSE,,FALSE,FALSE,Expected_dosage,not_evaluated,0,0,0,0,,,,,,,,,,,,,,,,,,
ENSG00000272825.1,ENSG00000272825,AL844908.1,lncRNA,chr21,180.382409943257,0.854324625622952,1.80791221209415,3.37324307393763e-19,0.26936210311494,0.0205017683781058,0.26936210311494,1.25007295481877,0.82883983174138,TRUE,FALSE,,FALSE,FALSE,Expected_dosage,not_evaluated,0,0,0,0,,,,,,,,,,,,,,,,,,
ENSG00000156273.16,ENSG00000156273,BACH1,protein_coding,chr21,7944.00315678993,0.317745447243763,1.24638126021578,0.00705047490716055,-0.267217044537239,0.0300410784058463,0.267217044537239,-1.39283746051495,0.676793215893243,TRUE,FALSE,,FALSE,FALSE,Expected_dosage,not_evaluated,0,0,0,0,,,,,,,,,,,,,,,,,,
ENSG00000160199.15,ENSG00000160199,PKNOX1,protein_coding,chr21,962.20753921736,0.327220990298638,1.25459436706569,1.07583820144406e-11,-0.257741499901331,3.12802883587162e-07,0.257741499901331,-1.34616584511809,0.717686913548132,TRUE,FALSE,,FALSE,FALSE,Expected_dosage,not_evaluated,0,0,0,0,,,,,,,,,,,,,,,,,,
ENSG00000154640.14,ENSG00000154640,BTG3,protein_coding,chr21,188.983064077537,0.821353830111439,1.76706343333977,7.62952911803797e-25,0.23639125813144,0.0156618476382708,0.23639125813144,1.08767568315712,0.93331372374849,TRUE,FALSE,,FALSE,FALSE,Expected_dosage,not_evaluated,0,0,0,0,,,,,,,,,,,,,,,,,,
ENSG00000248476.1,ENSG00000248476,BACH1-IT1,lncRNA,chr21,67.2839362978585,0.351613146188267,1.27598657145382,0.0160023056283835,-0.233349338687831,0.148618322003696,0.233349338687831,-1.22602271766758,0.842227232548791,TRUE,FALSE,,FALSE,FALSE,Expected_dosage,not_evaluated,0,0,0,0,,,,,,,,,,,,,,,,,,
ENSG00000228817.4,ENSG00000228817,BACH1-IT2,lncRNA,chr21,34.0460150162722,0.358254955423928,1.28187443908908,0.010956847284417,-0.226706992951592,0.149781218433778,0.226706992951592,-1.19330596971835,0.863300568288108,TRUE,FALSE,,FALSE,FALSE,Expected_dosage,not_evaluated,0,0,0,0,,,,,,,,,,,,,,,,,,
ENSG00000182871.16,ENSG00000182871,COL18A1,protein_coding,chr21,5830.53966668176,0.360437651587524,1.28381529280655,0.0972664808948873,-0.22452482420536,0.361210651194267,0.22452482420536,-1.18255773894444,0.863300568288108,TRUE,FALSE,,FALSE,FALSE,Expected_dosage,not_evaluated,0,0,0,0,,,,,,,,,,,,,,,,,,
ENSG00000237484.6,ENSG00000237484,LINC01684,lncRNA,chr21,35.5869884061397,0.807103946542309,1.74969559127976,1.23864243306282e-06,0.222141027056279,0.315501688172936,0.222141027056279,1.01748644025745,0.93331372374849,TRUE,FALSE,,FALSE,FALSE,Expected_dosage,not_evaluated,0,0,0,0,,,,,,,,,,,,,,,,,,
ENSG00000159259.8,ENSG00000159259,CHAF1B,protein_coding,chr21,153.930802201118,0.805374711071807,1.74759963681129,2.51347423265008e-28,0.220412177518566,0.0138124724696461,0.220412177518566,1.00897102464774,0.93331372374849,TRUE,FALSE,,FALSE,FALSE,Expected_dosage,not_evaluated,0,0,0,0,,,,,,,,,,,,,,,,,,
ENSG00000185272.14,ENSG00000185272,RBM11,protein_coding,chr21,48.5777054755676,0.79215784422814,1.73166258063445,1.74161376240177e-05,0.207195627172139,0.407506381214782,0.207195627172139,0.943873156573302,0.93331372374849,TRUE,FALSE,,FALSE,FALSE,Expected_dosage,not_evaluated,0,0,0,0,,,,,,,,,,,,,,,,,,
ENSG00000154736.6,ENSG00000154736,ADAMTS5,protein_coding,chr21,65.0671217114426,0.790910018745343,1.73016546694684,6.64545203910787e-06,0.205947684986506,0.386968836917818,0.205947684986506,0.937726441005663,0.93331372374849,TRUE,FALSE,,FALSE,FALSE,Expected_dosage,not_evaluated,0,0,0,0,,,,,,,,,,,,,,,,,,
ENSG00000160226.16,ENSG00000160226,CFAP410,protein_coding,chr21,1433.69825461629,0.788221982604132,1.72694481586238,3.93774304021563e-29,0.203259470243728,0.0196724689256748,0.203259470243728,0.924485690273123,0.93331372374849,TRUE,FALSE,,FALSE,FALSE,Expected_dosage,not_evaluated,0,0,0,0,,,,,,,,,,,,,,,,,,
ENSG00000141956.13,ENSG00000141956,PRDM15,protein_coding,chr21,584.337842538567,0.383899655031296,1.30486418622802,3.67261078364282e-11,-0.201062862334211,0.00213123844707525,0.201062862334211,-1.0669962907131,0.93331372374849,TRUE,FALSE,,FALSE,FALSE,Expected_dosage,not_evaluated,0,0,0,0,,,,,,,,,,,,,,,,,,
ENSG00000235374.2,ENSG00000235374,SSR4P1,transcribed_processed_pseudogene,chr21,55.0018309191095,0.785484348854539,1.72367090178381,3.31976809138166e-12,0.200522563536961,0.176381836718643,0.200522563536961,0.911005108195412,0.93331372374849,TRUE,FALSE,,FALSE,FALSE,Expected_dosage,not_evaluated,0,0,0,0,,,,,,,,,,,,,,,,,,
ENSG00000156239.12,ENSG00000156239,N6AMT1,protein_coding,chr21,404.594389343657,0.783334177183496,1.7211038811833,3.74846164702138e-20,0.198371688443343,0.0678828431705529,0.198371688443343,0.900411013713959,0.93331372374849,TRUE,FALSE,,FALSE,FALSE,Expected_dosage,not_evaluated,0,0,0,0,,,,,,,,,,,,,,,,,,
ENSG00000156265.16,ENSG00000156265,MAP3K7CL,protein_coding,chr21,1274.09180980075,0.387712114246527,1.3083169744185,0.0269756839140055,-0.197250375090579,0.342045122901919,0.197250375090579,-1.04821795709986,0.93331372374849,TRUE,FALSE,,FALSE,FALSE,Expected_dosage,not_evaluated,0,0,0,0,,,,,,,,,,,,,,,,,,
ENSG00000184441.4,ENSG00000184441,AP001062.1,lncRNA,chr21,447.455401668508,0.779923576308176,1.71703991394019,5.09710223351463e-34,0.194961064220919,0.013664301804565,0.194961064220919,0.883612048790194,0.93331372374849,TRUE,FALSE,,FALSE,FALSE,Expected_dosage,not_evaluated,0,0,0,0,,,,,,,,,,,,,,,,,,
ENSG00000160256.13,ENSG00000160256,FAM207A,protein_coding,chr21,640.322253879855,0.778549152730435,1.7154049070258,1.22924971767854e-28,0.193586661605963,0.027233641061439,0.193586661605963,0.876842454776295,0.93331372374849,TRUE,FALSE,,FALSE,FALSE,Expected_dosage,not_evaluated,0,0,0,0,,,,,,,,,,,,,,,,,,
ENSG00000159128.14,ENSG00000159128,IFNGR2,protein_coding,chr21,11992.5396429876,0.391867899260436,1.31209110713434,3.33449147328503e-06,-0.193094595939338,0.0479956010136709,0.193094595939338,-1.02774874570635,0.93331372374849,TRUE,FALSE,,FALSE,FALSE,Expected_dosage,not_evaluated,0,0,0,0,,,,,,,,,,,,,,,,,,
ENSG00000154719.13,ENSG00000154719,MRPL39,protein_coding,chr21,324.149524111047,0.771568797398225,1.70712511524486,8.99565921548247e-14,0.186606260769621,0.172826688019393,0.186606260769621,0.842460622842843,0.93331372374849,TRUE,FALSE,,FALSE,FALSE,Expected_dosage,not_evaluated,0,0,0,0,,,,,,,,,,,,,,,,,,
ENSG00000160307.10,ENSG00000160307,S100B,protein_coding,chr21,392.557968424333,0.768933026020776,1.70400908339831,0.0378489160941339,0.183970571340294,0.720907521905791,0.183970571340294,0.829478584545543,0.93331372374849,TRUE,FALSE,,FALSE,FALSE,Expected_dosage,not_evaluated,0,0,0,0,,,,,,,,,,,,,,,,,,
ENSG00000160255.18,ENSG00000160255,ITGB2,protein_coding,chr21,62925.2714102268,0.40322706466289,1.3224627301558,0.000130537794799805,-0.181735429069074,0.148446382446628,0.181735429069074,-0.971799384717775,0.93331372374849,TRUE,FALSE,,FALSE,FALSE,Expected_dosage,not_evaluated,0,0,0,0,,,,,,,,,,,,,,,,,,
ENSG00000183527.12,ENSG00000183527,PSMG1,protein_coding,chr21,310.859484585412,0.766248890029245,1.70084171964817,2.40632832203972e-24,0.181286315625335,0.0599187651310757,0.181286315625335,0.816257333929438,0.93331372374849,TRUE,FALSE,,FALSE,FALSE,Expected_dosage,not_evaluated,0,0,0,0,,,,,,,,,,,,,,,,,,
ENSG00000182093.16,ENSG00000182093,GET1,protein_coding,chr21,495.544277716766,0.763154436980036,1.69719747453178,5.26885710460855e-20,0.178191875653727,0.100160373915363,0.178191875653727,0.801015728536513,0.93331372374849,TRUE,FALSE,,FALSE,FALSE,Expected_dosage,not_evaluated,0,0,0,0,,,,,,,,,,,,,,,,,,
ENSG00000160190.14,ENSG00000160190,SLC37A1,protein_coding,chr21,1055.4627229897,0.410378732725871,1.32903466319028,2.35998590343126e-18,-0.174583795136196,0.0012500055230533,0.174583795136196,-0.936574147414833,0.93331372374849,TRUE,FALSE,,FALSE,FALSE,Expected_dosage,not_evaluated,0,0,0,0,,,,,,,,,,,,,,,,,,
ENSG00000155304.6,ENSG00000155304,HSPA13,protein_coding,chr21,1184.14804584443,0.758631370466833,1.69188483682161,3.71793821675376e-11,0.173668881185807,0.265003900650562,0.173668881185807,0.77873780506508,0.93331372374849,TRUE,FALSE,,FALSE,FALSE,Expected_dosage,not_evaluated,0,0,0,0,,,,,,,,,,,,,,,,,,
ENSG00000236830.7,ENSG00000236830,CBR3-AS1,lncRNA,chr21,89.5286132643836,0.757495212808221,1.69055296061049,9.45105881942102e-15,0.17253254856352,0.186853860019693,0.17253254856352,0.773140820284983,0.93331372374849,TRUE,FALSE,,FALSE,FALSE,Expected_dosage,not_evaluated,0,0,0,0,,,,,,,,,,,,,,,,,,
ENSG00000273017.1,ENSG00000273017,AP000240.1,lncRNA,chr21,51.3261173427284,0.416459787418714,1.33464845483851,0.00263138830870175,-0.168503348128515,0.326526140012573,0.168503348128515,-0.906625020996482,0.93331372374849,TRUE,FALSE,,FALSE,FALSE,Expected_dosage,not_evaluated,0,0,0,0,,,,,,,,,,,,,,,,,,
ENSG00000156304.15,ENSG00000156304,SCAF4,protein_coding,chr21,1592.31688895727,0.417572780815889,1.33567849099562,1.45664018692356e-09,-0.167389712161649,0.0422674291334338,0.167389712161649,-0.901139828162214,0.93331372374849,TRUE,FALSE,,FALSE,FALSE,Expected_dosage,not_evaluated,0,0,0,0,,,,,,,,,,,,,,,,,,
ENSG00000183486.13,ENSG00000183486,MX2,protein_coding,chr21,12436.6582257288,0.417622627854755,1.33572464126715,0.00430339402921845,-0.167339859583171,0.358380232802361,0.167339859583171,-0.900894280232391,0.93331372374849,TRUE,FALSE,,FALSE,FALSE,Expected_dosage,not_evaluated,0,0,0,0,,,,,,,,,,,,,,,,,,
ENSG00000183250.12,ENSG00000183250,LINC01547,lncRNA,chr21,70.4782661698215,0.751388649299609,1.68341239992198,4.45911324041513e-16,0.166425367721488,0.178894160406805,0.166425367721488,0.743060016872553,0.93331372374849,TRUE,FALSE,,FALSE,FALSE,Expected_dosage,not_evaluated,0,0,0,0,,,,,,,,,,,,,,,,,,
ENSG00000154642.11,ENSG00000154642,C21orf91,protein_coding,chr21,1842.3183124021,0.749589811624936,1.68131472960015,8.78532112464127e-13,0.164627320949095,0.2477725462548,0.164627320949095,0.734203771595772,0.93331372374849,TRUE,FALSE,,FALSE,FALSE,Expected_dosage,not_evaluated,0,0,0,0,,,,,,,,,,,,,,,,,,
ENSG00000160298.17,ENSG00000160298,C21orf58,protein_coding,chr21,254.851854907873,0.749329179450284,1.68101101667264,1.33593700121644e-28,0.164366817592441,0.0584163209880797,0.164366817592441,0.732920667253118,0.93331372374849,TRUE,FALSE,,FALSE,FALSE,Expected_dosage,not_evaluated,0,0,0,0,,,,,,,,,,,,,,,,,,
ENSG00000142197.12,ENSG00000142197,DOP1B,protein_coding,chr21,1527.70534289257,0.425684050918157,1.34320923174064,9.16981326714054e-10,-0.159278422656167,0.0588795356348502,0.159278422656167,-0.861187825536643,0.93331372374849,TRUE,FALSE,,FALSE,FALSE,Expected_dosage,not_evaluated,0,0,0,0,,,,,,,,,,,,,,,,,,
ENSG00000159228.13,ENSG00000159228,CBR1,protein_coding,chr21,1065.44895050006,0.430936768072111,1.34810864414456,5.96786022454775e-09,-0.154025730638101,0.0909599986590593,0.154025730638101,-0.835315790620958,0.93331372374849,TRUE,FALSE,,FALSE,FALSE,Expected_dosage,not_evaluated,0,0,0,0,,,,,,,,,,,,,,,,,,
ENSG00000156256.15,ENSG00000156256,USP16,protein_coding,chr21,1603.91048305486,0.737466530466105,1.66724547145442,3.67261078364282e-11,0.152504035588851,0.326153285551014,0.152504035588851,0.674490759476595,0.951716007337027,TRUE,FALSE,,FALSE,FALSE,Expected_dosage,not_evaluated,0,0,0,0,,,,,,,,,,,,,,,,,,
ENSG00000166979.13,ENSG00000166979,EVA1C,protein_coding,chr21,221.427183793881,0.434654200739911,1.35158683264638,4.29158387122579e-08,-0.150308267848837,0.12923641089244,0.150308267848837,-0.817005498155532,0.93331372374849,TRUE,FALSE,,FALSE,FALSE,Expected_dosage,not_evaluated,0,0,0,0,,,,,,,,,,,,,,,,,,
ENSG00000160183.16,ENSG00000160183,TMPRSS3,protein_coding,chr21,87.1346183025406,0.734976781311472,1.66437068287817,7.56082273395525e-08,0.150015191053505,0.439540373926814,0.150015191053505,0.66223200291963,0.951716007337027,TRUE,FALSE,,FALSE,FALSE,Expected_dosage,not_evaluated,0,0,0,0,,,,,,,,,,,,,,,,,,
ENSG00000160191.18,ENSG00000160191,PDE9A,protein_coding,chr21,152.303143740866,0.435967610239797,1.35281785877015,0.00333727157935639,-0.148994608163701,0.437695660142148,0.148994608163701,-0.810535092290449,0.93331372374849,TRUE,FALSE,,FALSE,FALSE,Expected_dosage,not_evaluated,0,0,0,0,,,,,,,,,,,,,,,,,,
ENSG00000157538.14,ENSG00000157538,VPS26C,protein_coding,chr21,3331.55603235877,0.438752878009578,1.35543213235399,1.80899481257318e-47,-0.146209630416736,2.31801547057241e-05,0.146209630416736,-0.796817737215931,0.93331372374849,TRUE,FALSE,,FALSE,FALSE,Expected_dosage,not_evaluated,0,0,0,0,,,,,,,,,,,,,,,,,,
ENSG00000215424.10,ENSG00000215424,MCM3AP-AS1,lncRNA,chr21,230.455617842607,0.72915223160736,1.65766471472079,1.43741883281947e-17,0.14418968885106,0.21799039890648,0.14418968885106,0.633538602304349,0.951716007337027,TRUE,FALSE,,FALSE,FALSE,Expected_dosage,not_evaluated,0,0,0,0,,,,,,,,,,,,,,,,,,
ENSG00000142188.17,ENSG00000142188,TMEM50B,protein_coding,chr21,1978.4612650529,0.728145524156869,1.65650840568022,1.62139101235725e-17,0.143183018926512,0.22187732833235,0.143183018926512,0.628580268682862,0.951716007337027,TRUE,FALSE,,FALSE,FALSE,Expected_dosage,not_evaluated,0,0,0,0,,,,,,,,,,,,,,,,,,
ENSG00000142168.14,ENSG00000142168,SOD1,protein_coding,chr21,2272.30764195268,0.726920653896451,1.65510260144645,1.07896010744052e-13,0.14195816288974,0.298004565143215,0.14195816288974,0.622547263503603,0.951716007337027,TRUE,FALSE,,FALSE,FALSE,Expected_dosage,not_evaluated,0,0,0,0,,,,,,,,,,,,,,,,,,
ENSG00000280441.3,ENSG00000280441,FP236383.3,lncRNA,chr21,114.093664752995,0.723888009128865,1.65162711543004,0.0691054355010971,0.138925630893531,0.808630633136856,0.138925630893531,0.607610584669393,0.951716007337027,TRUE,FALSE,,FALSE,FALSE,Expected_dosage,not_evaluated,0,0,0,0,,,,,,,,,,,,,,,,,,
ENSG00000215458.8,ENSG00000215458,AATBC,lncRNA,chr21,1432.44908008467,0.721516202375901,1.6489140527778,2.19033613094798e-27,0.136553705943063,0.125829508225603,0.136553705943063,0.595927713310319,0.951716007337027,TRUE,FALSE,,FALSE,FALSE,Expected_dosage,not_evaluated,0,0,0,0,,,,,,,,,,,,,,,,,,
ENSG00000160223.17,ENSG00000160223,ICOSLG,protein_coding,chr21,109.785041681879,0.448652135421918,1.36476460432271,0.229625219990399,-0.136310240466972,0.776846898158848,0.136310240466972,-0.748058479764052,0.93331372374849,TRUE,FALSE,,FALSE,FALSE,Expected_dosage,not_evaluated,0,0,0,0,,,,,,,,,,,,,,,,,,
ENSG00000160201.11,ENSG00000160201,U2AF1,protein_coding,chr21,146.327803886986,0.720082163159277,1.64727584613768,0.00454401328359692,0.135119755649976,0.71547959176803,0.135119755649976,0.588864818337133,0.951716007337027,TRUE,FALSE,,FALSE,FALSE,Expected_dosage,not_evaluated,0,0,0,0,,,,,,,,,,,,,,,,,,
ENSG00000159147.18,ENSG00000159147,DONSON,protein_coding,chr21,309.114004528524,0.71890975262607,1.64593772617526,3.35310137302875e-35,0.133947248762813,0.0785656863613744,0.133947248762813,0.583089657901446,0.951716007337027,TRUE,FALSE,,FALSE,FALSE,Expected_dosage,not_evaluated,0,0,0,0,,,,,,,,,,,,,,,,,,
ENSG00000197381.16,ENSG00000197381,ADARB1,protein_coding,chr21,1341.77513458617,0.451493177738052,1.36745482931809,1.01667144335948e-18,-0.133469326762185,0.0345796522880523,0.133469326762185,-0.734065613190129,0.93331372374849,TRUE,FALSE,,FALSE,FALSE,Expected_dosage,not_evaluated,0,0,0,0,,,,,,,,,,,,,,,,,,
ENSG00000198743.7,ENSG00000198743,SLC5A3,protein_coding,chr21,1275.7606185816,0.715796144500769,1.64238931243507,3.76897034461067e-12,0.130833637299572,0.373004126128756,0.130833637299572,0.567753623690075,0.958691735926346,TRUE,FALSE,,FALSE,FALSE,Expected_dosage,not_evaluated,0,0,0,0,,,,,,,,,,,,,,,,,,
ENSG00000156253.7,ENSG00000156253,RWDD2B,protein_coding,chr21,300.965558126692,0.710450774045086,1.63631530848161,1.23551488041398e-26,0.12548825040127,0.167394934210343,0.12548825040127,0.541425021899779,0.965645334850155,TRUE,FALSE,,FALSE,FALSE,Expected_dosage,not_evaluated,0,0,0,0,,,,,,,,,,,,,,,,,,
ENSG00000157540.21,ENSG00000157540,DYRK1A,protein_coding,chr21,3942.81177275638,0.463900413558437,1.37926571050311,1.04454508521064e-20,-0.121062081991202,0.0542849297257705,0.121062081991202,-0.67295396437876,0.951716007337027,TRUE,FALSE,,FALSE,FALSE,Expected_dosage,not_evaluated,0,0,0,0,,,,,,,,,,,,,,,,,,
ENSG00000230212.6,ENSG00000230212,AP000688.1,lncRNA,chr21,85.3732129604014,0.466618256292004,1.3818665099478,6.54234595127092e-05,-0.118344302951631,0.458975290860955,0.118344302951631,-0.65956759526306,0.951716007337027,TRUE,FALSE,,FALSE,FALSE,Expected_dosage,not_evaluated,0,0,0,0,,,,,,,,,,,,,,,,,,
ENSG00000159267.14,ENSG00000159267,HLCS,protein_coding,chr21,510.599881919131,0.702276136286853,1.627069792646,8.8794973295061e-39,0.117313660506316,0.102743501566438,0.117313660506316,0.501161234406384,0.965645334850155,TRUE,FALSE,,FALSE,FALSE,Expected_dosage,not_evaluated,0,0,0,0,,,,,,,,,,,,,,,,,,
ENSG00000142185.16,ENSG00000142185,TRPM2,protein_coding,chr21,993.279244747161,0.476181003193546,1.39105648528702,7.66177738171256e-05,-0.108781488331949,0.519575628893879,0.108781488331949,-0.612466133216224,0.951716007337027,TRUE,FALSE,,FALSE,FALSE,Expected_dosage,not_evaluated,0,0,0,0,,,,,,,,,,,,,,,,,,
ENSG00000182586.9,ENSG00000182586,LINC00334,lncRNA,chr21,34.2471354066132,0.693551357990464,1.61725969127457,4.58242747084767e-06,0.108590148867427,0.636440070445768,0.108590148867427,0.458193743273744,0.965645334850155,TRUE,FALSE,,FALSE,FALSE,Expected_dosage,not_evaluated,0,0,0,0,,,,,,,,,,,,,,,,,,
ENSG00000157551.19,ENSG00000157551,KCNJ15,protein_coding,chr21,10284.2176908652,0.478959440576073,1.39373805507233,0.00849179761374599,-0.106003039198171,0.680668740406215,0.106003039198171,-0.598780934702142,0.951716007337027,TRUE,FALSE,,FALSE,FALSE,Expected_dosage,not_evaluated,0,0,0,0,,,,,,,,,,,,,,,,,,
ENSG00000142192.21,ENSG00000142192,APP,protein_coding,chr21,2354.14884922521,0.480297012092217,1.39503083610402,0.000205876190260245,-0.104665498133037,0.570136083606297,0.104665498133037,-0.592192901552798,0.951716007337027,TRUE,FALSE,,FALSE,FALSE,Expected_dosage,not_evaluated,0,0,0,0,,,,,,,,,,,,,,,,,,
ENSG00000159055.4,ENSG00000159055,MIS18A,protein_coding,chr21,200.726422243258,0.68908429729553,1.61225986527536,2.16907666013838e-23,0.10412178567778,0.294057213346322,0.10412178567778,0.436184905127342,0.965645334850155,TRUE,FALSE,,FALSE,FALSE,Expected_dosage,not_evaluated,0,0,0,0,,,,,,,,,,,,,,,,,,
ENSG00000205581.11,ENSG00000205581,HMGN1,protein_coding,chr21,5270.16950464182,0.685751572963946,1.60853973312301,9.75225966697978e-38,0.10078907594827,0.172403853157085,0.10078907594827,0.41976970656074,0.965645334850155,TRUE,FALSE,,FALSE,FALSE,Expected_dosage,not_evaluated,0,0,0,0,,,,,,,,,,,,,,,,,,
ENSG00000185808.13,ENSG00000185808,PIGP,protein_coding,chr21,307.607580460815,0.68556633844277,1.60833321826605,5.47126407471078e-24,0.100603787025578,0.303812557141424,0.100603787025578,0.418857069486099,0.965645334850155,TRUE,FALSE,,FALSE,FALSE,Expected_dosage,not_evaluated,0,0,0,0,,,,,,,,,,,,,,,,,,
ENSG00000205930.10,ENSG00000205930,C21orf62-AS1,lncRNA,chr21,221.255830607506,0.681699257653891,1.60402792426027,2.8262062484369e-09,0.096736561878768,0.581457094472793,0.096736561878768,0.399809125368877,0.968509291060254,TRUE,FALSE,,FALSE,FALSE,Expected_dosage,not_evaluated,0,0,0,0,,,,,,,,,,,,,,,,,,
ENSG00000243646.10,ENSG00000243646,IL10RB,protein_coding,chr21,928.229780780483,0.493809410053934,1.40815818723384,1.0742908189724e-11,-0.0911530873943996,0.379181588829396,0.0911530873943996,-0.525637778727636,0.965645334850155,TRUE,FALSE,,FALSE,FALSE,Expected_dosage,not_evaluated,0,0,0,0,,,,,,,,,,,,,,,,,,
ENSG00000155313.15,ENSG00000155313,USP25,protein_coding,chr21,2662.59051748951,0.494780765233795,1.40910660826919,1.2638147408192e-13,-0.0901817324527008,0.340339978183362,0.0901817324527008,-0.520853388384414,0.965645334850155,TRUE,FALSE,,FALSE,FALSE,Expected_dosage,not_evaluated,0,0,0,0,,,,,,,,,,,,,,,,,,
ENSG00000159079.19,ENSG00000159079,CFAP298,protein_coding,chr21,524.42857160588,0.674904106529665,1.59649065318507,1.57795477618347e-34,0.089941598890349,0.252816017086666,0.089941598890349,0.36634066403847,0.968509291060254,TRUE,FALSE,,FALSE,FALSE,Expected_dosage,not_evaluated,0,0,0,0,,,,,,,,,,,,,,,,,,
ENSG00000160233.8,ENSG00000160233,LRRC3,protein_coding,chr21,128.848999798771,0.674655165490436,1.59621519805143,1.51921235829297e-11,0.0896929712576471,0.562023794108158,0.0896929712576471,0.365116053348914,0.968509291060254,TRUE,FALSE,,FALSE,FALSE,Expected_dosage,not_evaluated,0,0,0,0,,,,,,,,,,,,,,,,,,
ENSG00000205758.12,ENSG00000205758,CRYZL1,protein_coding,chr21,751.766250851827,0.67398792898077,1.59547713021633,1.04447791343849e-36,0.0890254590900142,0.240444827195642,0.0890254590900142,0.36182823482686,0.968509291060254,TRUE,FALSE,,FALSE,FALSE,Expected_dosage,not_evaluated,0,0,0,0,,,,,,,,,,,,,,,,,,
ENSG00000238197.6,ENSG00000238197,PAXBP1-AS1,lncRNA,chr21,190.548026107503,0.496168049060042,1.41046224541198,5.76728332503412e-08,-0.0887944353192535,0.506784496363265,0.0887944353192535,-0.514020282664235,0.965645334850155,TRUE,FALSE,,FALSE,FALSE,Expected_dosage,not_evaluated,0,0,0,0,,,,,,,,,,,,,,,,,,
ENSG00000160284.15,ENSG00000160284,SPATC1L,protein_coding,chr21,317.925791794443,0.497521422148867,1.411786002145,0.0161728487545728,-0.0874411171971503,0.773286754828642,0.0874411171971503,-0.507354539920008,0.965645334850155,TRUE,FALSE,,FALSE,FALSE,Expected_dosage,not_evaluated,0,0,0,0,,,,,,,,,,,,,,,,,,
ENSG00000160214.13,ENSG00000160214,RRP1,protein_coding,chr21,828.626755618169,0.669079270354842,1.59005786685381,2.35327244931682e-30,0.0841167647094632,0.325908009291399,0.0841167647094632,0.337650553750707,0.968509291060254,TRUE,FALSE,,FALSE,FALSE,Expected_dosage,not_evaluated,0,0,0,0,,,,,,,,,,,,,,,,,,
ENSG00000205726.15,ENSG00000205726,ITSN1,protein_coding,chr21,284.175640346693,0.501697230490481,1.41587826539447,1.71891743370708e-05,-0.0832652569444838,0.634802668049094,0.0832652569444838,-0.486786419442273,0.965645334850155,TRUE,FALSE,,FALSE,FALSE,Expected_dosage,not_evaluated,0,0,0,0,,,,,,,,,,,,,,,,,,
ENSG00000286018.1,ENSG00000286018,AF129075.4,lncRNA,chr21,36.3078078696848,0.665813208383096,1.58646226733769,0.000312456306478693,0.0808505471248671,0.781727152050759,0.0808505471248671,0.321562860982834,0.968509291060254,TRUE,FALSE,,FALSE,FALSE,Expected_dosage,not_evaluated,0,0,0,0,,,,,,,,,,,,,,,,,,
ENSG00000160216.20,ENSG00000160216,AGPAT3,protein_coding,chr21,4594.26754729475,0.504733001604645,1.41886074449892,1.2574282331184e-24,-0.0802295027475936,0.248435815296767,0.0802295027475936,-0.47183386971972,0.965645334850155,TRUE,FALSE,,FALSE,FALSE,Expected_dosage,not_evaluated,0,0,0,0,,,,,,,,,,,,,,,,,,
ENSG00000243927.6,ENSG00000243927,MRPS6,protein_coding,chr21,1427.33583997897,0.664208557798843,1.58469869131634,8.70452582410093e-30,0.0792460607944185,0.362256709583356,0.0792460607944185,0.313659993991902,0.968509291060254,TRUE,FALSE,,FALSE,FALSE,Expected_dosage,not_evaluated,0,0,0,0,,,,,,,,,,,,,,,,,,
ENSG00000157557.13,ENSG00000157557,ETS2,protein_coding,chr21,3343.06504158201,0.507446689288981,1.42153211184331,1.37872428356907e-07,-0.0775158178054575,0.596248996486134,0.0775158178054575,-0.458467666003293,0.965645334850155,TRUE,FALSE,,FALSE,FALSE,Expected_dosage,not_evaluated,0,0,0,0,,,,,,,,,,,,,,,,,,
ENSG00000185917.13,ENSG00000185917,SETD4,protein_coding,chr21,656.814361516563,0.508558615784386,1.4226281497813,2.43005226722852e-42,-0.076403945149526,0.131578820746253,0.076403945149526,-0.452991158323589,0.965645334850155,TRUE,FALSE,,FALSE,FALSE,Expected_dosage,not_evaluated,0,0,0,0,,,,,,,,,,,,,,,,,,
ENSG00000227039.6,ENSG00000227039,ITGB2-AS1,lncRNA,chr21,5008.37944772977,0.511664584260186,1.42569421565392,4.18437288218076e-06,-0.0732979062513706,0.668908986971063,0.0732979062513706,-0.437692422637931,0.965645334850155,TRUE,FALSE,,FALSE,FALSE,Expected_dosage,not_evaluated,0,0,0,0,,,,,,,,,,,,,,,,,,
ENSG00000223768.2,ENSG00000223768,LINC00205,lncRNA,chr21,656.448683372977,0.655807147052337,1.57549715268839,3.35039466491237e-11,0.07084462376011,0.657512370150112,0.07084462376011,0.272278875215855,0.968509291060254,TRUE,FALSE,,FALSE,FALSE,Expected_dosage,not_evaluated,0,0,0,0,,,,,,,,,,,,,,,,,,
ENSG00000155307.18,ENSG00000155307,SAMSN1,protein_coding,chr21,1802.46405783372,0.655762800014158,1.57544872418717,2.4185915351921e-10,0.0708003046141945,0.671557719436084,0.0708003046141945,0.272060582103178,0.968509291060254,TRUE,FALSE,,FALSE,FALSE,Expected_dosage,not_evaluated,0,0,0,0,,,,,,,,,,,,,,,,,,
ENSG00000160218.13,ENSG00000160218,TRAPPC10,protein_coding,chr21,2170.91656053646,0.514768030248879,1.42876439141764,2.32868933433176e-12,-0.0701944586405386,0.530575422433157,0.0701944586405386,-0.422406450288839,0.965645334850155,TRUE,FALSE,,FALSE,FALSE,Expected_dosage,not_evaluated,0,0,0,0,,,,,,,,,,,,,,,,,,
ENSG00000228107.1,ENSG00000228107,AP000692.1,lncRNA,chr21,60.3415281771456,0.650681180946827,1.5699092670726,3.82116723670977e-05,0.0657186705079906,0.799087233385006,0.0657186705079906,0.247031089688189,0.968509291060254,TRUE,FALSE,,FALSE,FALSE,Expected_dosage,not_evaluated,0,0,0,0,,,,,,,,,,,,,,,,,,
ENSG00000156299.13,ENSG00000156299,TIAM1,protein_coding,chr21,1516.96533487804,0.519669949490079,1.43362723446146,2.4590188682746e-14,-0.0652925643262238,0.535314660090242,0.0652925643262238,-0.398262262809966,0.968509291060254,TRUE,FALSE,,FALSE,FALSE,Expected_dosage,not_evaluated,0,0,0,0,,,,,,,,,,,,,,,,,,
ENSG00000184900.15,ENSG00000184900,SUMO3,protein_coding,chr21,3174.0789086139,0.64990459077195,1.56906442599348,6.97667462252807e-56,0.0649420973411088,0.281883251845537,0.0649420973411088,0.243206093282718,0.968509291060254,TRUE,FALSE,,FALSE,FALSE,Expected_dosage,not_evaluated,0,0,0,0,,,,,,,,,,,,,,,,,,
ENSG00000186866.16,ENSG00000186866,POFUT2,protein_coding,chr21,1836.80636763962,0.648645256959378,1.56769538148834,1.38412708128005e-59,0.0636827391320044,0.27250278330739,0.0636827391320044,0.23700314830798,0.968509291060254,TRUE,FALSE,,FALSE,FALSE,Expected_dosage,not_evaluated,0,0,0,0,,,,,,,,,,,,,,,,,,
ENSG00000160194.18,ENSG00000160194,NDUFV3,protein_coding,chr21,1631.41268219178,0.521339484943334,1.43528723666276,1.48157618070561e-40,-0.0636230398602419,0.25605089429342,0.0636230398602419,-0.390039051715937,0.968509291060254,TRUE,FALSE,,FALSE,FALSE,Expected_dosage,not_evaluated,0,0,0,0,,,,,,,,,,,,,,,,,,
ENSG00000160209.19,ENSG00000160209,PDXK,protein_coding,chr21,4992.82259415136,0.641270263087212,1.55970184007306,9.16276384868202e-29,0.0563077640845407,0.542485621946688,0.0563077640845407,0.200677848580897,0.985374246572925,TRUE,FALSE,,FALSE,FALSE,Expected_dosage,not_evaluated,0,0,0,0,,,,,,,,,,,,,,,,,,
ENSG00000160185.15,ENSG00000160185,UBASH3A,protein_coding,chr21,1721.3911409921,0.640560168512815,1.55893434364238,7.00695733258502e-28,0.0555976712624352,0.556875313020272,0.0555976712624352,0.197180299852796,0.985374246572925,TRUE,FALSE,,FALSE,FALSE,Expected_dosage,not_evaluated,0,0,0,0,,,,,,,,,,,,,,,,,,
ENSG00000235609.7,ENSG00000235609,AF127577.4,lncRNA,chr21,46.1334937210187,0.531818444980851,1.44575034358551,0.00017092321969232,-0.0531440144745756,0.818580093809987,0.0531440144745756,-0.338424810917529,0.968509291060254,TRUE,FALSE,,FALSE,FALSE,Expected_dosage,not_evaluated,0,0,0,0,,,,,,,,,,,,,,,,,,
ENSG00000160294.11,ENSG00000160294,MCM3AP,protein_coding,chr21,4587.20555466962,0.532809887830255,1.44674422755452,2.33161110218911e-32,-0.0521526168200757,0.452474222097251,0.0521526168200757,-0.333541700572523,0.968509291060254,TRUE,FALSE,,FALSE,FALSE,Expected_dosage,not_evaluated,0,0,0,0,,,,,,,,,,,,,,,,,,
ENSG00000160310.18,ENSG00000160310,PRMT2,protein_coding,chr21,7926.85000495866,0.635317526716313,1.55327957795475,2.99376081805285e-40,0.0503550287793954,0.507712926562546,0.0503550287793954,0.171357763731287,1,TRUE,FALSE,,FALSE,FALSE,Expected_dosage,not_evaluated,0,0,0,0,,,,,,,,,,,,,,,,,,
ENSG00000180530.11,ENSG00000180530,NRIP1,protein_coding,chr21,961.568833401422,0.53637483587923,1.45032360183607,1.87558781524003e-07,-0.0485876588282868,0.776562797623839,0.0485876588282868,-0.315982567594747,0.968509291060254,TRUE,FALSE,,FALSE,FALSE,Expected_dosage,not_evaluated,0,0,0,0,,,,,,,,,,,,,,,,,,
ENSG00000160193.12,ENSG00000160193,WDR4,protein_coding,chr21,359.477009817939,0.630579627868788,1.54818687966023,2.61287570021943e-32,0.0456169199239365,0.605925999453215,0.0456169199239365,0.148020298423756,1,TRUE,FALSE,,FALSE,FALSE,Expected_dosage,not_evaluated,0,0,0,0,,,,,,,,,,,,,,,,,,
ENSG00000182670.13,ENSG00000182670,TTC3,protein_coding,chr21,4081.09038076684,0.53973760120862,1.45370809141819,9.91451747415224e-23,-0.0452248955399254,0.617994774173763,0.0452248955399254,-0.299419340794005,0.968509291060254,TRUE,FALSE,,FALSE,FALSE,Expected_dosage,not_evaluated,0,0,0,0,,,,,,,,,,,,,,,,,,
ENSG00000159140.21,ENSG00000159140,SON,protein_coding,chr21,11689.8035356553,0.627941381472108,1.54535830815379,1.34188783651034e-28,0.0429788848121663,0.654018893070611,0.0429788848121663,0.135026706512069,1,TRUE,FALSE,,FALSE,FALSE,Expected_dosage,not_evaluated,0,0,0,0,,,,,,,,,,,,,,,,,,
ENSG00000159131.17,ENSG00000159131,GART,protein_coding,chr21,1869.46300861335,0.62646517703415,1.5437778646087,8.25931691694433e-39,0.0415026747635201,0.603766274298956,0.0415026747635201,0.127755661914345,1,TRUE,FALSE,,FALSE,FALSE,Expected_dosage,not_evaluated,0,0,0,0,,,,,,,,,,,,,,,,,,
ENSG00000223799.1,ENSG00000223799,IL10RB-DT,lncRNA,chr21,356.647720049004,0.622809489635797,1.53987099242976,3.96627261183651e-09,0.0378469439011265,0.839592995482307,0.0378469439011265,0.109749428883949,1,TRUE,FALSE,,FALSE,FALSE,Expected_dosage,not_evaluated,0,0,0,0,,,,,,,,,,,,,,,,,,
ENSG00000183255.12,ENSG00000183255,PTTG1IP,protein_coding,chr21,11425.2877379551,0.548421476144152,1.46248464357318,4.8539643131439e-25,-0.0365410229813793,0.685763430547389,0.0365410229813793,-0.256647091199823,0.968509291060254,TRUE,FALSE,,FALSE,FALSE,Expected_dosage,not_evaluated,0,0,0,0,,,,,,,,,,,,,,,,,,
ENSG00000173638.19,ENSG00000173638,SLC19A1,protein_coding,chr21,6503.04635191419,0.548824104428418,1.46289285171167,1.40382098580249e-06,-0.0361383684843913,0.855546696219716,0.0361383684843913,-0.254663824111404,0.968509291060254,TRUE,FALSE,,FALSE,FALSE,Expected_dosage,not_evaluated,0,0,0,0,,,,,,,,,,,,,,,,,,
ENSG00000256073.3,ENSG00000256073,URB1-AS1,lncRNA,chr21,41.6565437864307,0.617714860047547,1.53444279268794,7.89277161760481e-06,0.032751449891404,0.89328745802768,0.032751449891404,0.084651669777037,1,TRUE,FALSE,,FALSE,FALSE,Expected_dosage,not_evaluated,0,0,0,0,,,,,,,,,,,,,,,,,,
ENSG00000160305.18,ENSG00000160305,DIP2A,protein_coding,chr21,3599.83647990345,0.552507099845311,1.46663218022562,7.38250621274361e-09,-0.0324553919262175,0.847702868446752,0.0324553919262175,-0.236523392923166,0.968509291060254,TRUE,FALSE,,FALSE,FALSE,Expected_dosage,not_evaluated,0,0,0,0,,,,,,,,,,,,,,,,,,
ENSG00000159256.13,ENSG00000159256,MORC3,protein_coding,chr21,3433.27446439291,0.55343808178203,1.46757891441248,3.76897034461067e-12,-0.0315244136242435,0.824977920513502,0.0315244136242435,-0.23193787695315,0.968509291060254,TRUE,FALSE,,FALSE,FALSE,Expected_dosage,not_evaluated,0,0,0,0,,,,,,,,,,,,,,,,,,
ENSG00000157617.17,ENSG00000157617,C2CD2,protein_coding,chr21,471.576284104741,0.616199289164314,1.53283168592892,1.81033696759147e-25,0.0312367645451194,0.767430669156762,0.0312367645451194,0.0771911158304945,1,TRUE,FALSE,,FALSE,FALSE,Expected_dosage,not_evaluated,0,0,0,0,,,,,,,,,,,,,,,,,,
ENSG00000160213.7,ENSG00000160213,CSTB,protein_coding,chr21,4970.97141838988,0.611324603360834,1.52766117985944,1.07896010744052e-13,0.0263621113820965,0.861259386930378,0.0263621113820965,0.0531811041256714,1,TRUE,FALSE,,FALSE,FALSE,Expected_dosage,not_evaluated,0,0,0,0,,,,,,,,,,,,,,,,,,
ENSG00000159086.15,ENSG00000159086,PAXBP1,protein_coding,chr21,1316.18911786248,0.610603956977024,1.5268982822538,3.84164505453178e-12,0.0256414689686754,0.8747641348014,0.0256414689686754,0.0496315935856224,1,TRUE,FALSE,,FALSE,FALSE,Expected_dosage,not_evaluated,0,0,0,0,,,,,,,,,,,,,,,,,,
ENSG00000160285.15,ENSG00000160285,LSS,protein_coding,chr21,1922.25047792367,0.607730699593663,1.52386035267517,2.05032902942654e-27,0.0227681949808319,0.828467422100905,0.0227681949808319,0.0354793370512307,1,TRUE,FALSE,,FALSE,FALSE,Expected_dosage,not_evaluated,0,0,0,0,,,,,,,,,,,,,,,,,,
ENSG00000198862.14,ENSG00000198862,LTN1,protein_coding,chr21,1647.49266990663,0.603303485400951,1.51919123334758,8.19217364392778e-08,0.0183409871094082,0.930176134683243,0.0183409871094082,0.01367320864421,1,TRUE,FALSE,,FALSE,FALSE,Expected_dosage,not_evaluated,0,0,0,0,,,,,,,,,,,,,,,,,,
ENSG00000184787.19,ENSG00000184787,UBE2G2,protein_coding,chr21,4165.56561835643,0.602159414334081,1.5179869776194,1.20550840439899e-71,0.0171969081646705,0.782364801254289,0.0171969081646705,0.00803806949979544,1,TRUE,FALSE,,FALSE,FALSE,Expected_dosage,not_evaluated,0,0,0,0,,,,,,,,,,,,,,,,,,
ENSG00000154727.10,ENSG00000154727,GABPA,protein_coding,chr21,1947.20731572584,0.60052746301133,1.51627082820063,1.96569010533838e-09,0.0155649722292163,0.933897196167092,0.0155649722292163,0,1,TRUE,FALSE,,FALSE,FALSE,Expected_dosage,not_evaluated,0,0,0,0,,,,,,,,,,,,,,,,,,
ENSG00000159200.18,ENSG00000159200,RCAN1,protein_coding,chr21,559.378341001349,0.600345915660034,1.51608003414821,1.94617916797409e-38,0.0153834407899892,0.86254075221778,0.0153834407899892,-0.000894129661100479,1,TRUE,FALSE,,FALSE,FALSE,Expected_dosage,not_evaluated,0,0,0,0,,,,,,,,,,,,,,,,,,
ENSG00000237945.7,ENSG00000237945,LINC00649,lncRNA,chr21,1869.38237362473,0.599247382674192,1.51492606192207,5.64453303033988e-06,0.0142848905842957,0.953107725829452,0.0142848905842957,-0.00630501786482268,1,TRUE,FALSE,,FALSE,FALSE,Expected_dosage,not_evaluated,0,0,0,0,,,,,,,,,,,,,,,,,,
ENSG00000185658.13,ENSG00000185658,BRWD1,protein_coding,chr21,2551.26240539967,0.596230837663803,1.51176179761964,1.16931693774481e-11,0.011268351570315,0.946234053893172,0.011268351570315,-0.0211629235683777,1,TRUE,FALSE,,FALSE,FALSE,Expected_dosage,not_evaluated,0,0,0,0,,,,,,,,,,,,,,,,,,
ENSG00000160208.13,ENSG00000160208,RRP1B,protein_coding,chr21,1996.66134867175,0.593709500022984,1.50912206225286,3.0610780633338e-25,0.00874700882595418,0.938758264668732,0.00874700882595418,-0.0335817494375053,1,TRUE,FALSE,,FALSE,FALSE,Expected_dosage,not_evaluated,0,0,0,0,,,,,,,,,,,,,,,,,,
ENSG00000142207.7,ENSG00000142207,URB1,protein_coding,chr21,936.744370238842,0.576398125653509,1.49112181951845,3.88112485447483e-22,-0.00856426767373653,0.941661340644303,0.00856426767373653,-0.118848113521806,1,TRUE,FALSE,,FALSE,FALSE,Expected_dosage,not_evaluated,0,0,0,0,,,,,,,,,,,,,,,,,,
ENSG00000156261.13,ENSG00000156261,CCT8,protein_coding,chr21,4581.25789964086,0.576480580594059,1.49120704464995,1.00059079212297e-27,-0.00848192938200967,0.935887861222174,0.00848192938200967,-0.118442557827482,1,TRUE,FALSE,,FALSE,FALSE,Expected_dosage,not_evaluated,0,0,0,0,,,,,,,,,,,,,,,,,,
ENSG00000141959.17,ENSG00000141959,PFKL,protein_coding,chr21,6780.61941274352,0.588809623114126,1.50400527095843,1.62976803082933e-16,0.00384712586660758,0.980038388897091,0.00384712586660758,-0.0577160300256278,1,TRUE,FALSE,,FALSE,FALSE,Expected_dosage,not_evaluated,0,0,0,0,,,,,,,,,,,,,,,,,,
ENSG00000160299.17,ENSG00000160299,PCNT,protein_coding,chr21,1619.84936482391,0.586869267135077,1.50198381533128,1.27216774854605e-28,0.00190676142165666,0.987541759373459,0.00190676142165666,-0.0672732582994859,1,TRUE,FALSE,,FALSE,FALSE,Expected_dosage,not_evaluated,0,0,0,0,,,,,,,,,,,,,,,,,,
ENSG00000276529.1,ENSG00000276529,AP001505.1,lncRNA,chr21,75.7932218975395,0.586459094273442,1.50155684676717,1.96651179244535e-07,0.00149676574620455,0.994995610144047,0.00149676574620455,-0.0692926842232017,1,TRUE,FALSE,,FALSE,FALSE,Expected_dosage,not_evaluated,0,0,0,0,,,,,,,,,,,,,,,,,,
ENSG00000276289.4,ENSG00000276289,KCNE1B,protein_coding,chr21,19.8784118818883,-0.489312698363595,0.712364388216245,0.109438875944078,-1.07427348918969,4.06568239884042e-05,1.07427348918969,-5.36797867251897,,FALSE,FALSE,,TRUE,TRUE,High_repeats,not_evaluated,0,0,0,0,,,,,,,,,,,,,,,,,,
ENSG00000274276.4,ENSG00000274276,CBSL,protein_coding,chr21,9.79605056214134,0.0400032607143594,1.02811615035526,0.961478514926176,-0.544960849682065,0.37499616320659,0.544960849682065,-2.76085930523917,,FALSE,FALSE,,TRUE,TRUE,High_repeats,not_evaluated,0,0,0,0,,,,,,,,,,,,,,,,,,
ENSG00000280071.4,ENSG00000280071,GATD3B,protein_coding,chr21,234.354341990253,0.896729316411637,1.86184028177443,2.84279594562191e-05,0.311766912052513,0.251072902479872,0.311766912052513,1.45893703701749,,FALSE,FALSE,,FALSE,TRUE,High_repeats,not_evaluated,0,0,0,0,,,,,,,,,,,,,,,,,,
ENSG00000275895.7,ENSG00000275895,U2AF1L5,protein_coding,chr21,189.395274509352,0.284850918642436,1.21828436536243,0.176735314631713,-0.300111536640177,0.151577956080142,0.300111536640177,-1.55485865751145,,FALSE,FALSE,,FALSE,TRUE,High_repeats,not_evaluated,0,0,0,0,,,,,,,,,,,,,,,,,,
ENSG00000275464.5,ENSG00000275464,FP565260.1,protein_coding,chr21,382.940301911329,0.867114222968835,1.82401073832479,7.24159810472283e-06,0.28215182696,0.25539470723964,0.28215182696,1.31306849705565,,FALSE,FALSE,,FALSE,TRUE,High_repeats,not_evaluated,0,0,0,0,,,,,,,,,,,,,,,,,,
ENSG00000277277.3,ENSG00000277277,FAM243B,protein_coding,chr21,1.65218556602194,0.738724248701933,1.66869958287226,0.195604825745144,0.153758238397099,0.844602726900168,0.153758238397099,0.68066831162219,,FALSE,FALSE,,TRUE,TRUE,High_repeats,not_evaluated,0,0,0,0,,,,,,,,,,,,,,,,,,
ENSG00000275993.3,ENSG00000275993,SIK1B,protein_coding,chr21,126.290159099651,0.475203781564262,1.39011456051437,0.0126717629117766,-0.109758707084621,0.681232655883765,0.109758707084621,-0.617279405649184,,FALSE,FALSE,,FALSE,TRUE,High_repeats,not_evaluated,0,0,0,0,,,,,,,,,,,,,,,,,,
ENSG00000277117.5,ENSG00000277117,FP565260.3,protein_coding,chr21,105.310323390891,0.500223252792458,1.41443242467466,0.0712228709281691,-0.0847432857796556,0.834601092124568,0.0847432857796556,-0.494066422438534,,FALSE,FALSE,,FALSE,TRUE,High_repeats,not_evaluated,0,0,0,0,,,,,,,,,,,,,,,,,,
ENSG00000280433.1,ENSG00000280433,FP565260.6,protein_coding,chr21,342.846662597486,0.649190401820671,1.56828787161505,2.42770869722601e-11,0.0642278805536152,0.684906182343636,0.0642278805536152,0.23968823204131,,FALSE,FALSE,,FALSE,TRUE,High_repeats,not_evaluated,0,0,0,0,,,,,,,,,,,,,,,,,,
ENSG00000273590.4,ENSG00000273590,SMIM11B,protein_coding,chr21,31.0185420187106,0.620119282534679,1.53700225592312,3.44810324306133e-06,0.0351564044032224,0.881833534457516,0.0351564044032224,0.0964972276141237,,FALSE,FALSE,,FALSE,TRUE,High_repeats,not_evaluated,0,0,0,0,,,,,,,,,,,,,,,,,,
ENSG00000159110.19,ENSG00000159110,IFNAR2,protein_coding,chr21,4634.23494979888,0.613936932178007,1.53042986518563,2.85725718312129e-32,0.0289744327769428,0.75473987174356,0.0289744327769428,0.0660480436123209,,FALSE,FALSE,,FALSE,TRUE,High_repeats,not_evaluated,0,0,0,0,,,,,,,,,,,,,,,,,,
ENSG00000142166.13,ENSG00000142166,IFNAR1,protein_coding,chr21,7657.10175509572,0.581530835057047,1.49643626604752,1.24463604241126e-11,-0.00343165921519995,0.985363515462638,0.00343165921519995,-0.0935675479011506,,FALSE,FALSE,,FALSE,TRUE,High_repeats,not_evaluated,0,0,0,0,,,,,,,,,,,,,,,,,,
ENSG00000212933.1,ENSG00000212933,KRTAP12-4,protein_coding,chr21,1.45125574821187,2.55958000935012,5.89536038951605,3.74833718423967e-05,1.9748729702212,0.00273719033992506,1.9748729702212,9.65053438509009,,FALSE,FALSE,,TRUE,FALSE,Low_expression,not_evaluated,0,0,0,0,,,,,,,,,,,,,,,,,,
ENSG00000280614.1,ENSG00000280614,FP236383.4,lncRNA,chr21,2.03008658902752,2.11645443515913,4.33626953577092,0.140789451619973,1.52994822993943,0.328672189794032,1.52994822993943,7.45906601499871,,FALSE,FALSE,,TRUE,FALSE,Low_expression,not_evaluated,0,0,0,0,,,,,,,,,,,,,,,,,,
ENSG00000154654.15,ENSG00000154654,NCAM2,protein_coding,chr21,1.13428952041237,-0.863587611738995,0.549584182646521,0.292039103532796,-1.44843228594671,0.046366815200808,1.44843228594671,-7.21089072988217,,FALSE,FALSE,,TRUE,FALSE,Low_expression,not_evaluated,0,0,0,0,,,,,,,,,,,,,,,,,,
ENSG00000285413.1,ENSG00000285413,AP001056.2,lncRNA,chr21,1.67526084862361,-0.771561550354674,0.585783088978212,0.277285767335059,-1.35653035095763,0.0297893628369055,1.35653035095763,-6.75822949204853,,FALSE,FALSE,,TRUE,FALSE,Low_expression,not_evaluated,0,0,0,0,,,,,,,,,,,,,,,,,,
ENSG00000236883.1,ENSG00000236883,AP001615.1,lncRNA,chr21,1.42565324461783,1.91951996433381,3.78297164900144,0.00599914398091262,1.33439792646326,0.0797624550273415,1.33439792646326,6.4958867039125,,FALSE,FALSE,,TRUE,FALSE,Low_expression,not_evaluated,0,0,0,0,,,,,,,,,,,,,,,,,,
ENSG00000249493.1,ENSG00000249493,ANKRD20A18P,unprocessed_pseudogene,chr21,1.21825104723462,1.90153199196739,3.73609720679205,0.0429880895384047,1.31656596169076,0.204036660143726,1.31656596169076,6.40805569961553,,FALSE,FALSE,,TRUE,FALSE,Low_expression,not_evaluated,0,0,0,0,,,,,,,,,,,,,,,,,,
ENSG00000236384.7,ENSG00000236384,LINC00479,lncRNA,chr21,2.77167948660532,1.90052291672736,3.73348495337386,0.000788566774154925,1.31568526251398,0.0322070499279488,1.31568526251398,6.40371783252309,,FALSE,FALSE,,TRUE,FALSE,Low_expression,not_evaluated,0,0,0,0,,,,,,,,,,,,,,,,,,
ENSG00000221837.6,ENSG00000221837,KRTAP10-9,protein_coding,chr21,1.40837062669274,1.87328003682991,3.66364581500098,0.0279500037883401,1.28813412612868,0.17071704940444,1.28813412612868,6.26801523277508,,FALSE,FALSE,,TRUE,FALSE,Low_expression,not_evaluated,0,0,0,0,,,,,,,,,,,,,,,,,,
ENSG00000226496.3,ENSG00000226496,LINC00323,lncRNA,chr21,2.98026761891889,-0.646543560434848,0.638808953877484,0.301226608018916,-1.23148520308081,0.0225470020017465,1.23148520308081,-6.14232198770988,,FALSE,FALSE,,TRUE,FALSE,Low_expression,not_evaluated,0,0,0,0,,,,,,,,,,,,,,,,,,
ENSG00000160180.15,ENSG00000160180,TFF3,protein_coding,chr21,28.040461128551,-0.590228548412813,0.664237671716696,0.162830962224504,-1.17519147583913,0.0013453142365497,1.17519147583913,-5.8650483018129,,FALSE,FALSE,,TRUE,FALSE,Low_expression,not_evaluated,0,0,0,0,,,,,,,,,,,,,,,,,,
ENSG00000233922.3,ENSG00000233922,LINC01694,lncRNA,chr21,8.1406325230069,-0.563001048788513,0.676892647448922,0.0476776782865883,-1.1479454539021,4.01524851907644e-06,1.1479454539021,-5.7308485374932,,FALSE,FALSE,,TRUE,FALSE,Low_expression,not_evaluated,0,0,0,0,,,,,,,,,,,,,,,,,,
ENSG00000237604.1,ENSG00000237604,AP001056.1,lncRNA,chr21,20.5223651153899,-0.560368323362376,0.678129013724967,0.242103938977581,-1.1453327501908,0.00510055475797598,1.1453327501908,-5.71797971491412,,FALSE,FALSE,,TRUE,FALSE,Low_expression,not_evaluated,0,0,0,0,,,,,,,,,,,,,,,,,,
ENSG00000174680.10,ENSG00000174680,GRIK1-AS1,lncRNA,chr21,5.73647754563797,-0.541997118608789,0.686819488448688,0.164885200682587,-1.12695512446672,0.000765173904910083,1.12695512446672,-5.62746106794878,,FALSE,FALSE,,TRUE,FALSE,Low_expression,not_evaluated,0,0,0,0,,,,,,,,,,,,,,,,,,
ENSG00000228709.1,ENSG00000228709,LINC02575,lncRNA,chr21,4.32637334002476,-0.507209825810906,0.703581851157455,0.396322390863921,-1.09165275016546,0.0291252657419525,1.09165275016546,-5.45357989285087,,FALSE,FALSE,,TRUE,FALSE,Low_expression,not_evaluated,0,0,0,0,,,,,,,,,,,,,,,,,,
ENSG00000233236.1,ENSG00000233236,LINC02573,lncRNA,chr21,2.60034307831083,1.65632346306609,3.15212219445189,0.0318855478315366,1.07146878742158,0.21583537560599,1.07146878742158,5.20083421611358,,FALSE,FALSE,,TRUE,FALSE,Low_expression,not_evaluated,0,0,0,0,,,,,,,,,,,,,,,,,,
ENSG00000272657.1,ENSG00000272657,AP000317.2,lncRNA,chr21,1.68695552969163,1.63993497624693,3.11651785080351,0.00116335762864239,1.05511556797196,0.0581782358667415,1.05511556797196,5.12028674385948,,FALSE,FALSE,,TRUE,FALSE,Low_expression,not_evaluated,0,0,0,0,,,,,,,,,,,,,,,,,,
ENSG00000142149.9,ENSG00000142149,HUNK,protein_coding,chr21,1.94314676737846,-0.468269688404581,0.722831013125549,0.543551416371839,-1.0532341760242,0.0986149079267927,1.0532341760242,-5.26434993454092,,FALSE,FALSE,,TRUE,FALSE,Low_expression,not_evaluated,0,0,0,0,,,,,,,,,,,,,,,,,,
ENSG00000273102.1,ENSG00000273102,AP000569.1,lncRNA,chr21,1.09136466548883,1.57649880014239,2.98245175393395,0.0401201602031795,0.991632776267762,0.252818049984623,0.991632776267762,4.80760345729569,,FALSE,FALSE,,TRUE,FALSE,Low_expression,not_evaluated,0,0,0,0,,,,,,,,,,,,,,,,,,
ENSG00000226012.1,ENSG00000226012,AP001434.1,lncRNA,chr21,4.35317781788686,1.56865010869916,2.96627038224767,7.46659138386135e-06,0.983584708761497,0.0108665649693816,0.983584708761497,4.76796285342823,,FALSE,FALSE,,TRUE,FALSE,Low_expression,not_evaluated,0,0,0,0,,,,,,,,,,,,,,,,,,
ENSG00000159197.3,ENSG00000159197,KCNE2,protein_coding,chr21,2.53471000323284,-0.381251455021077,0.767771304228695,0.478312824621346,-0.966246521986424,0.0261024524196033,0.966246521986424,-4.8358938943317,,FALSE,FALSE,,TRUE,FALSE,Low_expression,not_evaluated,0,0,0,0,,,,,,,,,,,,,,,,,,
ENSG00000286262.1,ENSG00000286262,BX322557.2,lncRNA,chr21,1.5691144256187,1.52331870275706,2.87451528614033,0.0102631457880518,0.938354016957226,0.16010667987486,0.938354016957226,4.54517993876352,,FALSE,FALSE,,TRUE,FALSE,Low_expression,not_evaluated,0,0,0,0,,,,,,,,,,,,,,,,,,
ENSG00000270533.2,ENSG00000270533,CR382285.1,transcribed_processed_pseudogene,chr21,2.02183445411026,-0.34004843510151,0.790014788524959,0.638439532395465,-0.925133646609417,0.107470232436601,0.925133646609417,-4.63339320638353,,FALSE,FALSE,,TRUE,FALSE,Low_expression,not_evaluated,0,0,0,0,,,,,,,,,,,,,,,,,,
ENSG00000154646.9,ENSG00000154646,TMPRSS15,protein_coding,chr21,1.33644837389786,1.50185743261015,2.83207099682254,0.0499593311399195,0.917638981093792,0.292373089287008,0.917638981093792,4.44314842248669,,FALSE,FALSE,,TRUE,FALSE,Low_expression,not_evaluated,0,0,0,0,,,,,,,,,,,,,,,,,,
ENSG00000214914.3,ENSG00000214914,RPL23AP3,processed_pseudogene,chr21,1.08709044355594,1.48645355826439,2.80199340138028,0.0391616745352076,0.901491280546119,0.271248941069564,0.901491280546119,4.36361322968639,,FALSE,FALSE,,TRUE,FALSE,Low_expression,not_evaluated,0,0,0,0,,,,,,,,,,,,,,,,,,
ENSG00000171189.17,ENSG00000171189,GRIK1,protein_coding,chr21,1.10160549934024,-0.293760330381244,0.815773003450232,0.746350194302737,-0.878726892022474,0.227081274269477,0.878726892022474,-4.40481761678725,,FALSE,FALSE,,TRUE,FALSE,Low_expression,not_evaluated,0,0,0,0,,,,,,,,,,,,,,,,,,
ENSG00000159212.12,ENSG00000159212,CLIC6,protein_coding,chr21,5.40207800689033,-0.208866866464589,0.865216530064255,0.676483993061927,-0.793847292073394,0.0326201888795128,0.793847292073394,-3.98674475701186,,FALSE,FALSE,,TRUE,FALSE,Low_expression,not_evaluated,0,0,0,0,,,,,,,,,,,,,,,,,,
ENSG00000235772.1,ENSG00000235772,AP001625.2,lncRNA,chr21,1.10247516944173,-0.179533104181077,0.882988709502519,0.860067997030357,-0.764448156753462,0.33473551765333,0.764448156753462,-3.84193987355929,,FALSE,FALSE,,TRUE,FALSE,Low_expression,not_evaluated,0,0,0,0,,,,,,,,,,,,,,,,,,
ENSG00000225331.1,ENSG00000225331,LINC01678,lncRNA,chr21,17.8993619212551,-0.175531768508403,0.885441090812526,0.717681099360176,-0.76049415645099,0.0308407844009014,0.76049415645099,-3.82246452005858,,FALSE,FALSE,,TRUE,FALSE,Low_expression,not_evaluated,0,0,0,0,,,,,,,,,,,,,,,,,,
ENSG00000261610.1,ENSG00000261610,AP000265.1,lncRNA,chr21,2.03396838757905,-0.144112865139875,0.904935665047763,0.859355339852744,-0.729080783576135,0.227423856660121,0.729080783576135,-3.66773854773002,,FALSE,FALSE,,TRUE,FALSE,Low_expression,not_evaluated,0,0,0,0,,,,,,,,,,,,,,,,,,
ENSG00000229425.3,ENSG00000229425,AJ009632.2,lncRNA,chr21,6.17339521342368,-0.0948458423453866,0.936372297161726,0.873647635760253,-0.679808450827501,0.0972726295501318,0.679808450827501,-3.4250486072451,,FALSE,FALSE,,TRUE,FALSE,Low_expression,not_evaluated,0,0,0,0,,,,,,,,,,,,,,,,,,
ENSG00000185433.10,ENSG00000185433,LINC00158,lncRNA,chr21,1.07685536621957,1.2477448256072,2.37469927383887,0.0699486604248221,0.662726406777915,0.412675350520309,0.662726406777915,3.18758137220751,,FALSE,FALSE,,TRUE,FALSE,Low_expression,not_evaluated,0,0,0,0,,,,,,,,,,,,,,,,,,
ENSG00000214867.3,ENSG00000214867,SRSF9P1,processed_pseudogene,chr21,2.01264107737032,1.23586791152074,2.35522993210361,0.0126986073141071,0.650970526624161,0.262725677077893,0.650970526624161,3.12967800746492,,FALSE,FALSE,,TRUE,FALSE,Low_expression,not_evaluated,0,0,0,0,,,,,,,,,,,,,,,,,,
ENSG00000230061.2,ENSG00000230061,TRPM2-AS,lncRNA,chr21,5.98656195603553,1.21323189590598,2.3185645552727,2.97041819773902e-05,0.628256802605726,0.059949938513717,0.628256802605726,3.01780199058651,,FALSE,FALSE,,TRUE,FALSE,Low_expression,not_evaluated,0,0,0,0,,,,,,,,,,,,,,,,,,
ENSG00000280109.3,ENSG00000280109,PLAC4,lncRNA,chr21,1.11691405382755,1.17541463138559,2.25857783291284,0.065868967345935,0.590232769124315,0.437451220851276,0.590232769124315,2.83051533481404,,FALSE,FALSE,,TRUE,FALSE,Low_expression,not_evaluated,0,0,0,0,,,,,,,,,,,,,,,,,,
ENSG00000260256.1,ENSG00000260256,AP001063.1,lncRNA,chr21,7.01933697187032,0.00332525698853322,1.00230755081295,0.995321975981506,-0.58163667523115,0.0929927437102489,0.58163667523115,-2.94150538841024,,FALSE,FALSE,,TRUE,FALSE,Low_expression,not_evaluated,0,0,0,0,,,,,,,,,,,,,,,,,,
ENSG00000273464.1,ENSG00000273464,AP000238.1,lncRNA,chr21,11.1789302177044,0.0216708452307553,1.0151344687765,0.95513179874029,-0.563288076851235,0.0186355724201848,0.563288076851235,-2.8511297150781,,FALSE,FALSE,,TRUE,FALSE,Low_expression,not_evaluated,0,0,0,0,,,,,,,,,,,,,,,,,,
ENSG00000232118.2,ENSG00000232118,BACH1-AS1,lncRNA,chr21,1.42903091424165,1.13468892337359,2.19571213293564,0.0714022941994599,0.549809497360541,0.466679708939672,0.549809497360541,2.63141127638425,,FALSE,FALSE,,TRUE,FALSE,Low_expression,not_evaluated,0,0,0,0,,,,,,,,,,,,,,,,,,
ENSG00000233056.2,ENSG00000233056,ERVH48-1,lncRNA,chr21,8.97284315974504,0.0381301098107529,1.02678214214715,0.948290535820487,-0.546891155348895,0.178974781728893,0.546891155348895,-2.77036698919216,,FALSE,FALSE,,TRUE,FALSE,Low_expression,not_evaluated,0,0,0,0,,,,,,,,,,,,,,,,,,
ENSG00000237594.2,ENSG00000237594,AP000251.1,lncRNA,chr21,2.98005341191309,1.13068597655836,2.18962828544811,0.0150265572477187,0.545646709631513,0.327518892516889,0.545646709631513,2.61090754437378,,FALSE,FALSE,,TRUE,FALSE,Low_expression,not_evaluated,0,0,0,0,,,,,,,,,,,,,,,,,,
ENSG00000280604.1,ENSG00000280604,AJ239328.1,lncRNA,chr21,28.5327707656818,0.0482831367830881,1.0340336510886,0.901518318768434,-0.536679857194847,0.0320637670607458,0.536679857194847,-2.72007143379554,,FALSE,FALSE,,TRUE,FALSE,Low_expression,not_evaluated,0,0,0,0,,,,,,,,,,,,,,,,,,
ENSG00000160282.14,ENSG00000160282,FTCD,protein_coding,chr21,6.81347906189795,0.0637982564744162,1.04521392940587,0.919175412792678,-0.521165555469441,0.249408058819341,0.521165555469441,-2.64365603488167,,FALSE,FALSE,,TRUE,FALSE,Low_expression,not_evaluated,0,0,0,0,,,,,,,,,,,,,,,,,,
ENSG00000160207.9,ENSG00000160207,HSF2BP,protein_coding,chr21,6.58073482777554,1.08731315724667,2.12477953621622,1.90424728125869e-05,0.502353072776478,0.094159378994942,0.502353072776478,2.39766555712455,,FALSE,FALSE,,TRUE,FALSE,Low_expression,not_evaluated,0,0,0,0,,,,,,,,,,,,,,,,,,
ENSG00000233956.1,ENSG00000233956,BTF3P6,processed_pseudogene,chr21,1.93519428456985,1.08065981093471,2.11500314838203,0.0698806388564035,0.495604709796694,0.494356605700097,0.495604709796694,2.36442662325289,,FALSE,FALSE,,TRUE,FALSE,Low_expression,not_evaluated,0,0,0,0,,,,,,,,,,,,,,,,,,
ENSG00000205445.3,ENSG00000205445,KRTAP10-2,protein_coding,chr21,1.33949830506346,1.07001088226852,2.09944920336061,0.156622153869112,0.485090734473575,0.597145698813409,0.485090734473575,2.3126402372004,,FALSE,FALSE,,TRUE,FALSE,Low_expression,not_evaluated,0,0,0,0,,,,,,,,,,,,,,,,,,
ENSG00000229623.1,ENSG00000229623,METTL21AP1,processed_pseudogene,chr21,1.73830220286912,0.100505794987094,1.07214928186574,0.911550940261116,-0.484276722257819,0.500478892186872,0.484276722257819,-2.46196078650854,,FALSE,FALSE,,TRUE,FALSE,Low_expression,not_evaluated,0,0,0,0,,,,,,,,,,,,,,,,,,
ENSG00000154645.14,ENSG00000154645,CHODL,protein_coding,chr21,8.99370099560148,1.05183310740239,2.07316236239526,6.30633191306566e-05,0.46685369834101,0.138093344402968,0.46685369834101,2.22281406160175,,FALSE,FALSE,,TRUE,FALSE,Low_expression,not_evaluated,0,0,0,0,,,,,,,,,,,,,,,,,,
ENSG00000274333.4,ENSG00000274333,CU633967.1,lncRNA,chr21,4.30658516134938,1.04557330020528,2.06418646499488,0.0861777533394562,0.460408454065647,0.539077422799939,0.460408454065647,2.19106813315996,,FALSE,FALSE,,TRUE,FALSE,Low_expression,not_evaluated,0,0,0,0,,,,,,,,,,,,,,,,,,
ENSG00000154639.19,ENSG00000154639,CXADR,protein_coding,chr21,6.98708077188829,1.02896127825923,2.04055454955239,0.000484740286445825,0.443997977505645,0.214867664395763,0.443997977505645,2.11023864209458,,FALSE,FALSE,,TRUE,FALSE,Low_expression,not_evaluated,0,0,0,0,,,,,,,,,,,,,,,,,,
ENSG00000237373.1,ENSG00000237373,BRWD1-IT1,lncRNA,chr21,2.07722767982327,0.144470082053841,1.10532458072624,0.845594862957399,-0.440546383879054,0.472954428944714,0.440546383879054,-2.24656783418639,,FALSE,FALSE,,TRUE,FALSE,Low_expression,not_evaluated,0,0,0,0,,,,,,,,,,,,,,,,,,
ENSG00000238141.2,ENSG00000238141,BRWD1-AS1,lncRNA,chr21,1.5996417318355,1.02532623898272,2.03541960492334,0.079571060208508,0.440359727024375,0.54305943173665,0.440359727024375,2.09231850834989,,FALSE,FALSE,,TRUE,FALSE,Low_expression,not_evaluated,0,0,0,0,,,,,,,,,,,,,,,,,,
ENSG00000184274.3,ENSG00000184274,LINC00315,lncRNA,chr21,1.67319890529306,0.147607753368533,1.10773113183137,0.86600473935312,-0.437356846754298,0.55748062378946,0.437356846754298,-2.23085782956919,,FALSE,FALSE,,TRUE,FALSE,Low_expression,not_evaluated,0,0,0,0,,,,,,,,,,,,,,,,,,
ENSG00000279720.1,ENSG00000279720,SOWAHCP2,processed_pseudogene,chr21,2.17506282299253,0.158925781847382,1.11645552545189,0.888003910727666,-0.42598409008234,0.666832574748509,0.42598409008234,-2.1748415322701,,FALSE,FALSE,,TRUE,FALSE,Low_expression,not_evaluated,0,0,0,0,,,,,,,,,,,,,,,,,,
ENSG00000273199.1,ENSG00000273199,AP000692.2,lncRNA,chr21,17.645036608128,1.0073250777117,2.01018053716633,3.73146171709036e-11,0.422363834322351,0.0185124673111073,0.422363834322351,2.003680080145,,FALSE,FALSE,,TRUE,FALSE,Low_expression,not_evaluated,0,0,0,0,,,,,,,,,,,,,,,,,,
ENSG00000286082.1,ENSG00000286082,AL133493.1,lncRNA,chr21,3.07806539585388,0.175002283894725,1.12896619204309,0.782467406660246,-0.409965360561995,0.449470039241189,0.409965360561995,-2.09594158381893,,FALSE,FALSE,,TRUE,FALSE,Low_expression,not_evaluated,0,0,0,0,,,,,,,,,,,,,,,,,,
ENSG00000205929.11,ENSG00000205929,C21orf62,protein_coding,chr21,1.56859676429046,0.9921593674287,1.98916005794312,0.0896514414428732,0.407192421557812,0.575905338733693,0.407192421557812,1.92895357430486,,FALSE,FALSE,,TRUE,FALSE,Low_expression,not_evaluated,0,0,0,0,,,,,,,,,,,,,,,,,,
ENSG00000286886.1,ENSG00000286886,AJ011931.2,lncRNA,chr21,2.40046177669375,0.186695223088589,1.13815356275266,0.836230634969573,-0.398800665694176,0.61950426905175,0.398800665694176,-2.04095009099016,,FALSE,FALSE,,TRUE,FALSE,Low_expression,not_evaluated,0,0,0,0,,,,,,,,,,,,,,,,,,
ENSG00000280594.1,ENSG00000280594,BTG3-AS1,lncRNA,chr21,1.40771388651758,0.188417857984586,1.13951337476097,0.835196348317793,-0.396511830880942,0.623915887381176,0.396511830880942,-2.02967647852619,,FALSE,FALSE,,TRUE,FALSE,Low_expression,not_evaluated,0,0,0,0,,,,,,,,,,,,,,,,,,
ENSG00000230965.1,ENSG00000230965,SNX18P13,processed_pseudogene,chr21,3.93069084837346,0.976688333720207,1.96794286225968,0.115011905029707,0.391718534797741,0.613715794022062,0.391718534797741,1.85273723853626,,FALSE,FALSE,,TRUE,FALSE,Low_expression,not_evaluated,0,0,0,0,,,,,,,,,,,,,,,,,,
ENSG00000231123.1,ENSG00000231123,SPATA20P1,processed_pseudogene,chr21,11.3111824982156,0.973425806664999,1.96349756199858,0.000123181193009247,0.388490696613078,0.213755770186218,0.388490696613078,1.83683858277488,,FALSE,FALSE,,TRUE,FALSE,Low_expression,not_evaluated,0,0,0,0,,,,,,,,,,,,,,,,,,
ENSG00000244676.5,ENSG00000244676,AL109761.1,lncRNA,chr21,8.34758507984567,0.965269204634978,1.95242780753465,0.000179008850681651,0.380315195021938,0.232485159854398,0.380315195021938,1.79657030473921,,FALSE,FALSE,,TRUE,FALSE,Low_expression,not_evaluated,0,0,0,0,,,,,,,,,,,,,,,,,,
ENSG00000281903.2,ENSG00000281903,LINC02246,lncRNA,chr21,1.88789490950385,0.953466625337799,1.93652030070359,0.062612051878978,0.368505390110044,0.570112181797056,0.368505390110044,1.7384013346231,,FALSE,FALSE,,TRUE,FALSE,Low_expression,not_evaluated,0,0,0,0,,,,,,,,,,,,,,,,,,
ENSG00000234289.6,ENSG00000234289,H2BS1,protein_coding,chr21,1.52856800881252,0.232351732566264,1.17474834281158,0.745501643184129,-0.352615530740209,0.599765088507076,0.352615530740209,-1.813466084693,,FALSE,FALSE,,TRUE,FALSE,Low_expression,not_evaluated,0,0,0,0,,,,,,,,,,,,,,,,,,
ENSG00000230982.1,ENSG00000230982,DSTNP1,processed_pseudogene,chr21,4.51041782882481,0.933738037514612,1.91021898646294,0.00553071538197276,0.348775631489412,0.41318571697107,0.348775631489412,1.64122278271954,,FALSE,FALSE,,TRUE,FALSE,Low_expression,not_evaluated,0,0,0,0,,,,,,,,,,,,,,,,,,
ENSG00000235888.3,ENSG00000235888,AF064858.1,lncRNA,chr21,23.1561481620672,0.931740724141141,1.90757624768437,2.17458238396964e-08,0.346775056604211,0.088454416636435,0.346775056604211,1.63136898906414,,FALSE,FALSE,,TRUE,FALSE,Low_expression,not_evaluated,0,0,0,0,,,,,,,,,,,,,,,,,,
ENSG00000236677.1,ENSG00000236677,AP000688.4,lncRNA,chr21,1.8933823771855,0.254055855822786,1.19255504276291,0.731023005605536,-0.330902007628531,0.644091678360554,0.330902007628531,-1.70651653841163,,FALSE,FALSE,,TRUE,FALSE,Low_expression,not_evaluated,0,0,0,0,,,,,,,,,,,,,,,,,,
ENSG00000278932.4,ENSG00000278932,CR381653.1,lncRNA,chr21,2.67764859131266,0.256688665367682,1.19473335271461,0.729210433994548,-0.328049491920876,0.648589696838356,0.328049491920876,-1.69246652639262,,FALSE,FALSE,,TRUE,FALSE,Low_expression,not_evaluated,0,0,0,0,,,,,,,,,,,,,,,,,,
ENSG00000182912.6,ENSG00000182912,TSPEAR-AS2,lncRNA,chr21,16.4510246109667,0.262854761617411,1.19985058544423,0.383636006539385,-0.322105843117974,0.265231769345038,0.322105843117974,-1.66319119693748,,FALSE,FALSE,,TRUE,FALSE,Low_expression,not_evaluated,0,0,0,0,,,,,,,,,,,,,,,,,,
ENSG00000230366.9,ENSG00000230366,DSCR9,lncRNA,chr21,6.44193568786145,0.893718861747085,1.85795925235449,0.000714110764209128,0.308762909937224,0.36142372097237,0.308762909937224,1.44414088157068,,FALSE,FALSE,,TRUE,FALSE,Low_expression,not_evaluated,0,0,0,0,,,,,,,,,,,,,,,,,,
ENSG00000242220.9,ENSG00000242220,TCP10L,protein_coding,chr21,5.05683731179461,0.282961106531203,1.21668955758196,0.483061664442884,-0.302015423458462,0.450484464583217,0.302015423458462,-1.56423621592698,,FALSE,FALSE,,TRUE,FALSE,Low_expression,not_evaluated,0,0,0,0,,,,,,,,,,,,,,,,,,
ENSG00000214889.3,ENSG00000214889,RPS9P1,processed_pseudogene,chr21,1.33561149674307,0.884273044127186,1.84583429441982,0.193850509796442,0.299222885401064,0.730249013105071,0.299222885401064,1.39715167164801,,FALSE,FALSE,,TRUE,FALSE,Low_expression,not_evaluated,0,0,0,0,,,,,,,,,,,,,,,,,,
ENSG00000276633.1,ENSG00000276633,AJ011931.1,lncRNA,chr21,4.75554516717434,0.289031436336054,1.22181972484466,0.550521915201367,-0.295934092381099,0.542044613060411,0.295934092381099,-1.53428273504018,,FALSE,FALSE,,TRUE,FALSE,Low_expression,not_evaluated,0,0,0,0,,,,,,,,,,,,,,,,,,
ENSG00000234509.1,ENSG00000234509,AP000253.1,lncRNA,chr21,2.91034583516279,0.29140577938387,1.22383221369448,0.569797712096538,-0.293558854067287,0.570153235990434,0.293558854067287,-1.5225835437728,,FALSE,FALSE,,TRUE,FALSE,Low_expression,not_evaluated,0,0,0,0,,,,,,,,,,,,,,,,,,
ENSG00000273796.1,ENSG00000273796,BX322562.1,lncRNA,chr21,4.68576848689973,0.292353023016217,1.22463602038775,0.691430588043803,-0.292590495787013,0.693580328742926,0.292590495787013,-1.51781391342859,,FALSE,FALSE,,TRUE,FALSE,Low_expression,not_evaluated,0,0,0,0,,,,,,,,,,,,,,,,,,
ENSG00000232623.1,ENSG00000232623,MRAP-AS1,lncRNA,chr21,2.885208896566,0.293989994183367,1.22602635691347,0.568269931574007,-0.29095609067613,0.575468626532419,0.29095609067613,-1.50976368205205,,FALSE,FALSE,,TRUE,FALSE,Low_expression,not_evaluated,0,0,0,0,,,,,,,,,,,,,,,,,,
ENSG00000232124.3,ENSG00000232124,AP001057.1,lncRNA,chr21,10.5187186418642,0.875822543447193,1.83505403265442,0.000105192803455677,0.290841997877489,0.316131775556277,0.290841997877489,1.35587176909735,,FALSE,FALSE,,TRUE,FALSE,Low_expression,not_evaluated,0,0,0,0,,,,,,,,,,,,,,,,,,
ENSG00000287109.1,ENSG00000287109,AP000224.1,lncRNA,chr21,4.50766898854213,0.875591395721794,1.83476004496097,0.0226973911531773,0.290630207884227,0.56429809830411,0.290630207884227,1.35482860150222,,FALSE,FALSE,,TRUE,FALSE,Low_expression,not_evaluated,0,0,0,0,,,,,,,,,,,,,,,,,,
ENSG00000157578.13,ENSG00000157578,LCA5L,protein_coding,chr21,3.30292424470181,0.871762727253742,1.82989735755618,0.0343134424276226,0.286793692850035,0.595563571066931,0.286793692850035,1.33593191946226,,FALSE,FALSE,,TRUE,FALSE,Low_expression,not_evaluated,0,0,0,0,,,,,,,,,,,,,,,,,,
ENSG00000228677.1,ENSG00000228677,TTC3-AS1,lncRNA,chr21,13.2857301247322,0.867696350405147,1.82474687514727,0.000165889620471638,0.282735609961572,0.342576722721229,0.282735609961572,1.31594390915822,,FALSE,FALSE,,TRUE,FALSE,Low_expression,not_evaluated,0,0,0,0,,,,,,,,,,,,,,,,,,
ENSG00000249624.9,ENSG00000249624,AP000295.1,protein_coding,chr21,19.8458402027772,0.303756501599832,1.23435425471672,0.361045502868045,-0.281201968519694,0.410142215833515,0.281201968519694,-1.46171993836115,,FALSE,FALSE,,TRUE,FALSE,Low_expression,not_evaluated,0,0,0,0,,,,,,,,,,,,,,,,,,
ENSG00000226054.2,ENSG00000226054,MEMO1P1,processed_pseudogene,chr21,6.32189813430122,0.310234636322108,1.23990933930301,0.341515102454738,-0.274726279240385,0.416358702885288,0.274726279240385,-1.42982405362982,,FALSE,FALSE,,TRUE,FALSE,Low_expression,not_evaluated,0,0,0,0,,,,,,,,,,,,,,,,,,
ENSG00000225218.1,ENSG00000225218,AP001628.1,lncRNA,chr21,17.6924289762472,0.313257914731538,1.24251038907748,0.14468138406805,-0.271709335755531,0.225388475324763,0.271709335755531,-1.41496415571265,,FALSE,FALSE,,TRUE,FALSE,Low_expression,not_evaluated,0,0,0,0,,,,,,,,,,,,,,,,,,
ENSG00000279208.1,ENSG00000279208,CR381653.2,unprocessed_pseudogene,chr21,1.64636681671568,0.315842381590511,1.24473823687015,0.818480632586495,-0.269328278635819,0.847898721350111,0.269328278635819,-1.40323630402716,,FALSE,FALSE,,TRUE,FALSE,Low_expression,not_evaluated,0,0,0,0,,,,,,,,,,,,,,,,,,
ENSG00000215559.8,ENSG00000215559,ANKRD20A11P,transcribed_unprocessed_pseudogene,chr21,17.8797810843734,0.843290967054834,1.79413812998643,0.058028368576385,0.258324751489195,0.661812614102071,0.258324751489195,1.19570868871372,,FALSE,FALSE,,TRUE,FALSE,Low_expression,not_evaluated,0,0,0,0,,,,,,,,,,,,,,,,,,
ENSG00000286549.1,ENSG00000286549,AP001631.2,lncRNA,chr21,5.46204557221913,0.333588498280389,1.2601439078869,0.415020075186037,-0.251368360301191,0.569367350285786,0.251368360301191,-1.31477506688661,,FALSE,FALSE,,TRUE,FALSE,Low_expression,not_evaluated,0,0,0,0,,,,,,,,,,,,,,,,,,
ENSG00000227438.1,ENSG00000227438,AP001471.1,lncRNA,chr21,1.90410386152432,0.834153078997485,1.78281014910324,0.227433282871616,0.249267016913289,0.78097164441765,0.249267016913289,1.15109498884347,,FALSE,FALSE,,TRUE,FALSE,Low_expression,not_evaluated,0,0,0,0,,,,,,,,,,,,,,,,,,
ENSG00000280145.3,ENSG00000280145,CU638689.4,lncRNA,chr21,2.34488644457891,0.340605794415841,1.26628820270687,0.730013370390704,-0.244349248813805,0.817005187815082,0.244349248813805,-1.2802025663756,,FALSE,FALSE,,TRUE,FALSE,Low_expression,not_evaluated,0,0,0,0,,,,,,,,,,,,,,,,,,
ENSG00000232837.1,ENSG00000232837,LINC01700,lncRNA,chr21,1.15325370367306,0.82371080106576,1.76995269343468,0.296651901660163,0.23884169996792,0.815443421421028,0.23884169996792,1.09974528794915,,FALSE,FALSE,,TRUE,FALSE,Low_expression,not_evaluated,0,0,0,0,,,,,,,,,,,,,,,,,,
ENSG00000177692.11,ENSG00000177692,DNAJC28,protein_coding,chr21,24.6781544711018,0.820262496460711,1.76572723509818,2.06829417882184e-08,0.235295082434823,0.218270734594471,0.235295082434823,1.08227649055282,,FALSE,FALSE,,TRUE,FALSE,Low_expression,not_evaluated,0,0,0,0,,,,,,,,,,,,,,,,,,
ENSG00000205670.11,ENSG00000205670,SMIM11A,protein_coding,chr21,4.8638337100171,0.813231235861484,1.7571425495684,0.00244995952066274,0.228268943671438,0.528922975437314,0.228268943671438,1.04766937732716,,FALSE,FALSE,,TRUE,FALSE,Low_expression,not_evaluated,0,0,0,0,,,,,,,,,,,,,,,,,,
ENSG00000225555.2,ENSG00000225555,AP000320.1,lncRNA,chr21,2.43589679156604,0.811770187134393,1.75536395375587,0.108238855954676,0.226750733623849,0.736918343102141,0.226750733623849,1.04019146253119,,FALSE,FALSE,,TRUE,FALSE,Low_expression,not_evaluated,0,0,0,0,,,,,,,,,,,,,,,,,,
ENSG00000230870.2,ENSG00000230870,FBXW11P1,processed_pseudogene,chr21,4.73408447064241,0.809871788946125,1.75305564317855,0.0161950855931663,0.224907187381405,0.624076080822273,0.224907187381405,1.03111111047758,,FALSE,FALSE,,TRUE,FALSE,Low_expression,not_evaluated,0,0,0,0,,,,,,,,,,,,,,,,,,
ENSG00000242553.1,ENSG00000242553,AP001432.1,lncRNA,chr21,6.55505740235051,0.808450150155284,1.75132902437239,0.0101747358985412,0.223490114092292,0.601338029743036,0.223490114092292,1.02413134286739,,FALSE,FALSE,,TRUE,FALSE,Low_expression,not_evaluated,0,0,0,0,,,,,,,,,,,,,,,,,,
ENSG00000227256.1,ENSG00000227256,MIS18A-AS1,lncRNA,chr21,3.23634544847678,0.804329061907977,1.74633345513304,0.0441595254380573,0.219356453351554,0.684430096567457,0.219356453351554,1.00377107528533,,FALSE,FALSE,,TRUE,FALSE,Low_expression,not_evaluated,0,0,0,0,,,,,,,,,,,,,,,,,,
ENSG00000272948.2,ENSG00000272948,AP001412.1,lncRNA,chr21,22.7018645106917,0.80421519193075,1.74619562482403,4.39614516693098e-05,0.219253027614296,0.408324962986408,0.219253027614296,1.00326165377797,,FALSE,FALSE,,TRUE,FALSE,Low_expression,not_evaluated,0,0,0,0,,,,,,,,,,,,,,,,,,
ENSG00000213885.4,ENSG00000213885,RPL13AP7,transcribed_processed_pseudogene,chr21,9.34037893693373,0.369678304935802,1.29206469131018,0.253543479841979,-0.215278371429085,0.562867319088202,0.215278371429085,-1.13701451115738,,FALSE,FALSE,,TRUE,FALSE,Low_expression,not_evaluated,0,0,0,0,,,,,,,,,,,,,,,,,,
ENSG00000232969.1,ENSG00000232969,AP001062.2,lncRNA,chr21,14.2960054343865,0.792723527867452,1.73234170216348,3.99556420149846e-05,0.207760045793668,0.428403873623858,0.207760045793668,0.946653189789227,,FALSE,FALSE,,TRUE,FALSE,Low_expression,not_evaluated,0,0,0,0,,,,,,,,,,,,,,,,,,
ENSG00000203616.2,ENSG00000203616,RHOT1P2,processed_pseudogene,chr21,1.8099733620551,0.388351414536188,1.30889685633578,0.689712327452611,-0.196587507426846,0.857491995434044,0.196587507426846,-1.04495301499368,,FALSE,FALSE,,TRUE,FALSE,Low_expression,not_evaluated,0,0,0,0,,,,,,,,,,,,,,,,,,
ENSG00000237646.1,ENSG00000237646,HLCS-IT1,lncRNA,chr21,1.14432174370581,0.781451720079354,1.71885961520211,0.374302196985865,0.196511164230894,0.861946430164783,0.196511164230894,0.891247036991091,,FALSE,FALSE,,TRUE,FALSE,Low_expression,not_evaluated,0,0,0,0,,,,,,,,,,,,,,,,,,
ENSG00000229047.1,ENSG00000229047,AF127577.1,lncRNA,chr21,4.41028792792989,0.393334114661829,1.31342526719735,0.482538953875299,-0.191628125172272,0.767636253772304,0.191628125172272,-1.02052567175534,,FALSE,FALSE,,TRUE,FALSE,Low_expression,not_evaluated,0,0,0,0,,,,,,,,,,,,,,,,,,
ENSG00000224790.3,ENSG00000224790,AP000704.2,lncRNA,chr21,21.2398197036029,0.761826768911381,1.69563631412092,6.05928421725022e-07,0.176865509214275,0.403461877143203,0.176865509214275,0.794482735794033,,FALSE,FALSE,,TRUE,FALSE,Low_expression,not_evaluated,0,0,0,0,,,,,,,,,,,,,,,,,,
ENSG00000231355.1,ENSG00000231355,AP000302.1,lncRNA,chr21,1.32784725085617,0.410427525718341,1.32907961286646,0.644651240937035,-0.174563389010935,0.863139279121249,0.174563389010935,-0.936473637431871,,FALSE,FALSE,,TRUE,FALSE,Low_expression,not_evaluated,0,0,0,0,,,,,,,,,,,,,,,,,,
ENSG00000229007.1,ENSG00000229007,EXOSC3P1,processed_pseudogene,chr21,1.05557105878885,0.411209314979403,1.32980002967016,0.650817121812591,-0.173727502774043,0.866676854252229,0.173727502774043,-0.93235649562496,,FALSE,FALSE,,TRUE,FALSE,Low_expression,not_evaluated,0,0,0,0,,,,,,,,,,,,,,,,,,
ENSG00000281181.1,ENSG00000281181,FP236383.5,lncRNA,chr21,20.049668105265,0.420427640817993,1.33832419941596,0.27931135755222,-0.164532751282091,0.730658815657319,0.164532751282091,-0.8870679215333,,FALSE,FALSE,,TRUE,FALSE,Low_expression,not_evaluated,0,0,0,0,,,,,,,,,,,,,,,,,,
ENSG00000255568.3,ENSG00000255568,BRWD1-AS2,lncRNA,chr21,12.4407599164074,0.749264294303511,1.68093541497531,0.000215996901848527,0.164307423913062,0.568673254582877,0.164307423913062,0.732628124811758,,FALSE,FALSE,,TRUE,FALSE,Low_expression,not_evaluated,0,0,0,0,,,,,,,,,,,,,,,,,,
ENSG00000228137.1,ENSG00000228137,AP001469.2,lncRNA,chr21,13.8041611529893,0.744867382155184,1.67582021468546,0.00317937059807765,0.159906731599229,0.658594860624329,0.159906731599229,0.710952598280776,,FALSE,FALSE,,TRUE,FALSE,Low_expression,not_evaluated,0,0,0,0,,,,,,,,,,,,,,,,,,
ENSG00000223692.1,ENSG00000223692,DIP2A-IT1,lncRNA,chr21,8.91830678157198,0.425246726201999,1.3428021259032,0.197077622720426,-0.159717227717175,0.697066864311548,0.159717227717175,-0.863349151542533,,FALSE,FALSE,,TRUE,FALSE,Low_expression,not_evaluated,0,0,0,0,,,,,,,,,,,,,,,,,,
ENSG00000272991.1,ENSG00000272991,AF129408.1,lncRNA,chr21,10.9964983334713,0.742248695567719,1.6727811333894,0.0235294672806394,0.157294531771766,0.735612096004652,0.157294531771766,0.698086257571969,,FALSE,FALSE,,TRUE,FALSE,Low_expression,not_evaluated,0,0,0,0,,,,,,,,,,,,,,,,,,
ENSG00000223901.2,ENSG00000223901,AP001469.1,lncRNA,chr21,9.01723294374477,0.741086981518644,1.67143468726532,0.00630371794989429,0.156131521477712,0.686399996373719,0.156131521477712,0.692357872425534,,FALSE,FALSE,,TRUE,FALSE,Low_expression,not_evaluated,0,0,0,0,,,,,,,,,,,,,,,,,,
ENSG00000240770.5,ENSG00000240770,C21orf91-OT1,lncRNA,chr21,9.68408037207297,0.740234757610637,1.67044763461423,0.0109042467162635,0.155270005763862,0.708475153307161,0.155270005763862,0.688114493115939,,FALSE,FALSE,,TRUE,FALSE,Low_expression,not_evaluated,0,0,0,0,,,,,,,,,,,,,,,,,,
ENSG00000232884.9,ENSG00000232884,AF127936.1,lncRNA,chr21,9.57284096080258,0.738976387046992,1.6689912452873,0.00644273854809284,0.154008465065071,0.690821209579113,0.154008465065071,0.681900798329641,,FALSE,FALSE,,TRUE,FALSE,Low_expression,not_evaluated,0,0,0,0,,,,,,,,,,,,,,,,,,
ENSG00000270116.1,ENSG00000270116,AP001429.1,lncRNA,chr21,3.74275973731381,0.441750172784374,1.35825105988073,0.310478749103468,-0.14325048887127,0.794528209280176,0.14325048887127,-0.782242541654982,,FALSE,FALSE,,TRUE,FALSE,Low_expression,not_evaluated,0,0,0,0,,,,,,,,,,,,,,,,,,
ENSG00000236519.1,ENSG00000236519,LINC01424,lncRNA,chr21,6.10417885339157,0.441721380114619,1.35822395277711,0.182889561564347,-0.143240478883223,0.736858734238578,0.143240478883223,-0.782193237648696,,FALSE,FALSE,,TRUE,FALSE,Low_expression,not_evaluated,0,0,0,0,,,,,,,,,,,,,,,,,,
ENSG00000160200.17,ENSG00000160200,CBS,protein_coding,chr21,17.9632739905831,0.727825341944,1.65614081193291,0.10355947188841,0.142855454041893,0.821938858511995,0.142855454041893,0.626966854056064,,FALSE,FALSE,,TRUE,FALSE,Low_expression,not_evaluated,0,0,0,0,,,,,,,,,,,,,,,,,,
ENSG00000287088.1,ENSG00000287088,AP001066.1,lncRNA,chr21,3.19065655055478,0.724376695879671,1.65218666889156,0.141751397533368,0.139216133991434,0.840715546024938,0.139216133991434,0.609041452168612,,FALSE,FALSE,,TRUE,FALSE,Low_expression,not_evaluated,0,0,0,0,,,,,,,,,,,,,,,,,,
ENSG00000183844.17,ENSG00000183844,FAM3B,protein_coding,chr21,24.780938387321,0.721950975247621,1.6494110470226,0.493447994395956,0.136919757832247,0.919473866568928,0.136919757832247,0.597730694948182,,FALSE,FALSE,,TRUE,FALSE,Low_expression,not_evaluated,0,0,0,0,,,,,,,,,,,,,,,,,,
ENSG00000226501.2,ENSG00000226501,USF1P1,processed_pseudogene,chr21,4.37534276183318,0.458974909766444,1.3745647899991,0.27931135755222,-0.125993261454125,0.82054736641314,0.125993261454125,-0.697242395301695,,FALSE,FALSE,,TRUE,FALSE,Low_expression,not_evaluated,0,0,0,0,,,,,,,,,,,,,,,,,,
ENSG00000260583.1,ENSG00000260583,AP000223.1,lncRNA,chr21,3.3732575491957,0.459210920882671,1.37478967405156,0.2998399301063,-0.125750382157528,0.827653199924157,0.125750382157528,-0.696046097932608,,FALSE,FALSE,,TRUE,FALSE,Low_expression,not_evaluated,0,0,0,0,,,,,,,,,,,,,,,,,,
ENSG00000278903.3,ENSG00000278903,CU633906.4,lncRNA,chr21,1.04878078658519,0.710093311770335,1.63590992236903,0.407553139200817,0.12512043371209,0.912545581608584,0.12512043371209,0.53961334777301,,FALSE,FALSE,,TRUE,FALSE,Low_expression,not_evaluated,0,0,0,0,,,,,,,,,,,,,,,,,,
ENSG00000205622.11,ENSG00000205622,AP001042.1,lncRNA,chr21,1.23800564549845,0.473027339559623,1.38801902219692,0.569592437330327,-0.11175952350167,0.913927513842079,0.11175952350167,-0.62713438896512,,FALSE,FALSE,,TRUE,FALSE,Low_expression,not_evaluated,0,0,0,0,,,,,,,,,,,,,,,,,,
ENSG00000274225.1,ENSG00000274225,AP001065.3,lncRNA,chr21,8.38987272999078,0.474448436431143,1.38938693519515,0.100976295437943,-0.110513609533886,0.781727152050759,0.110513609533886,-0.620997663346029,,FALSE,FALSE,,TRUE,FALSE,Low_expression,not_evaluated,0,0,0,0,,,,,,,,,,,,,,,,,,
ENSG00000176054.6,ENSG00000176054,RPL23P2,processed_pseudogene,chr21,18.189463670134,0.693483338269696,1.61718344303341,1.85347742957234e-05,0.108518978278038,0.659384106353775,0.108518978278038,0.457843193885482,,FALSE,FALSE,,TRUE,FALSE,Low_expression,not_evaluated,0,0,0,0,,,,,,,,,,,,,,,,,,
ENSG00000281420.1,ENSG00000281420,AP001052.1,pseudogene,chr21,1.80463013764998,0.481855125607337,1.39653828606107,0.441043429254633,-0.10306490697025,0.898786089927248,0.10306490697025,-0.58430922013631,,FALSE,FALSE,,TRUE,FALSE,Low_expression,not_evaluated,0,0,0,0,,,,,,,,,,,,,,,,,,
ENSG00000227698.1,ENSG00000227698,AP001619.1,lncRNA,chr21,6.37245458554518,0.490512949147024,1.40494431384946,0.153243803989666,-0.094448602637536,0.844602726900168,0.094448602637536,-0.541869776557008,,FALSE,FALSE,,TRUE,FALSE,Low_expression,not_evaluated,0,0,0,0,,,,,,,,,,,,,,,,,,
ENSG00000235701.1,ENSG00000235701,PCBP2P1,processed_pseudogene,chr21,1.02185276964717,0.678961320130329,1.60098669693484,0.413201543047799,0.093983621236722,0.931831448681084,0.093983621236722,0.386249568447043,,FALSE,FALSE,,TRUE,FALSE,Low_expression,not_evaluated,0,0,0,0,,,,,,,,,,,,,,,,,,
ENSG00000214955.5,ENSG00000214955,AP000317.1,lncRNA,chr21,6.28793464551194,0.491078486689705,1.40549516103791,0.126426130891395,-0.0938776190845424,0.83627237595066,0.0938776190845424,-0.539057407895657,,FALSE,FALSE,,TRUE,FALSE,Low_expression,not_evaluated,0,0,0,0,,,,,,,,,,,,,,,,,,
ENSG00000249209.2,ENSG00000249209,AP000311.1,protein_coding,chr21,14.191098626453,0.676447339386258,1.59819931298932,0.00228493792226432,0.0914790762468905,0.789469930359355,0.0914790762468905,0.373913479599274,,FALSE,FALSE,,TRUE,FALSE,Low_expression,not_evaluated,0,0,0,0,,,,,,,,,,,,,,,,,,
ENSG00000278996.1,ENSG00000278996,FP671120.5,lncRNA,chr21,5.92466648242408,0.49384833198609,1.40819617792155,0.338788448555351,-0.0911101618648408,0.895604742580128,0.0911101618648408,-0.525426349845894,,FALSE,FALSE,,TRUE,FALSE,Low_expression,not_evaluated,0,0,0,0,,,,,,,,,,,,,,,,,,
ENSG00000287507.1,ENSG00000287507,AP001053.1,lncRNA,chr21,3.08949638999823,0.494390998896166,1.40872596778544,0.343487758313267,-0.0905740763628289,0.897171157958451,0.0905740763628289,-0.522785870872799,,FALSE,FALSE,,TRUE,FALSE,Low_expression,not_evaluated,0,0,0,0,,,,,,,,,,,,,,,,,,
ENSG00000273254.1,ENSG00000273254,AF129075.3,lncRNA,chr21,9.98323479831934,0.675370972023873,1.59700737154144,0.00511367577967582,0.0904134343634977,0.809557344810247,0.0904134343634977,0.368664680712925,,FALSE,FALSE,,TRUE,FALSE,Low_expression,not_evaluated,0,0,0,0,,,,,,,,,,,,,,,,,,
ENSG00000287637.1,ENSG00000287637,AP001437.2,lncRNA,chr21,13.4786264700879,0.514043382696326,1.42804692125809,0.0165280715918017,-0.0709188540818907,0.829211898175328,0.0709188540818907,-0.425974446296784,,FALSE,FALSE,,TRUE,FALSE,Low_expression,not_evaluated,0,0,0,0,,,,,,,,,,,,,,,,,,
ENSG00000231125.2,ENSG00000231125,AF129075.2,lncRNA,chr21,20.0945841253328,0.514313755121235,1.42831457358919,0.00187032672666535,-0.0706492363638752,0.781754755315416,0.0706492363638752,-0.424646449340101,,FALSE,FALSE,,TRUE,FALSE,Low_expression,not_evaluated,0,0,0,0,,,,,,,,,,,,,,,,,,
ENSG00000225431.1,ENSG00000225431,LINC01671,lncRNA,chr21,8.55056257841197,0.651280037530111,1.57056106501072,0.0420658239658898,0.0663159473635673,0.894035622603881,0.0663159473635673,0.24997296551275,,FALSE,FALSE,,TRUE,FALSE,Low_expression,not_evaluated,0,0,0,0,,,,,,,,,,,,,,,,,,
ENSG00000228404.1,ENSG00000228404,AP001468.1,lncRNA,chr21,2.50178862400827,0.520192808085677,1.43414690088367,0.279540088500509,-0.0647652038234397,0.923498366708619,0.0647652038234397,-0.395664758655095,,FALSE,FALSE,,TRUE,FALSE,Low_expression,not_evaluated,0,0,0,0,,,,,,,,,,,,,,,,,,
ENSG00000177398.18,ENSG00000177398,UMODL1,protein_coding,chr21,16.8707914239399,0.521208400093826,1.43515683081895,0.00986524458969764,-0.0637539918494587,0.839470836670307,0.0637539918494587,-0.390684053255271,,FALSE,FALSE,,TRUE,FALSE,Low_expression,not_evaluated,0,0,0,0,,,,,,,,,,,,,,,,,,
ENSG00000232010.1,ENSG00000232010,DNMT3L-AS1,lncRNA,chr21,3.14311023113306,0.521996010391311,1.43594053968806,0.316098032234378,-0.0629479168407548,0.930345093318014,0.0629479168407548,-0.386713746087418,,FALSE,FALSE,,TRUE,FALSE,Low_expression,not_evaluated,0,0,0,0,,,,,,,,,,,,,,,,,,
ENSG00000273210.1,ENSG00000273210,AP001437.1,lncRNA,chr21,11.9276701587654,0.647468108458766,1.56641676227168,0.00113842975173699,0.0625024122853898,0.846550961455822,0.0625024122853898,0.231189470810327,,FALSE,FALSE,,TRUE,FALSE,Low_expression,not_evaluated,0,0,0,0,,,,,,,,,,,,,,,,,,
ENSG00000184385.2,ENSG00000184385,UMODL1-AS1,lncRNA,chr21,19.9938180558674,0.64382107560794,1.5624619703289,0.140640328868772,0.0588226219203425,0.928387096678664,0.0588226219203425,0.213064733155906,,FALSE,FALSE,,TRUE,FALSE,Low_expression,not_evaluated,0,0,0,0,,,,,,,,,,,,,,,,,,
ENSG00000227456.9,ENSG00000227456,LINC00310,lncRNA,chr21,9.13398497126451,0.53405292692387,1.44799129262811,0.0189241730932324,-0.0509105440123783,0.887924579103098,0.0509105440123783,-0.327423894514591,,FALSE,FALSE,,TRUE,FALSE,Low_expression,not_evaluated,0,0,0,0,,,,,,,,,,,,,,,,,,
ENSG00000265590.10,ENSG00000265590,C21orf59-TCP10L,protein_coding,chr21,25.2313851972141,0.536256681458386,1.45020482751204,8.42713843123499e-05,-0.0487071083264958,0.829813623558098,0.0487071083264958,-0.316570913832771,,FALSE,FALSE,,TRUE,FALSE,Low_expression,not_evaluated,0,0,0,0,,,,,,,,,,,,,,,,,,
ENSG00000235890.2,ENSG00000235890,TSPEAR-AS1,lncRNA,chr21,21.4890622319731,0.539391351022817,1.45335923993875,0.0443793273492316,-0.045570617882361,0.914252988117825,0.045570617882361,-0.301122189634916,,FALSE,FALSE,,TRUE,FALSE,Low_expression,not_evaluated,0,0,0,0,,,,,,,,,,,,,,,,,,
ENSG00000285815.1,ENSG00000285815,WRB-SH3BGR,protein_coding,chr21,1.30840145047156,0.543684980940513,1.45769105055685,0.513982091179095,-0.0412822342226913,0.970667809997365,0.0412822342226913,-0.279999837250036,,FALSE,FALSE,,TRUE,FALSE,Low_expression,not_evaluated,0,0,0,0,,,,,,,,,,,,,,,,,,
ENSG00000170262.12,ENSG00000170262,MRAP,protein_coding,chr21,8.65741269992677,0.552617219497602,1.46674413125136,0.0467727684147357,-0.0323443117945627,0.94110144838284,0.0323443117945627,-0.235976269841378,,FALSE,FALSE,,TRUE,FALSE,Low_expression,not_evaluated,0,0,0,0,,,,,,,,,,,,,,,,,,
ENSG00000185437.13,ENSG00000185437,SH3BGR,protein_coding,chr21,4.96856190953424,0.55469861898669,1.46886175394937,0.116704717449669,-0.0302612766596188,0.954813601908901,0.0302612766596188,-0.225716319789763,,FALSE,FALSE,,TRUE,FALSE,Low_expression,not_evaluated,0,0,0,0,,,,,,,,,,,,,,,,,,
ENSG00000224905.7,ENSG00000224905,AP001347.1,lncRNA,chr21,2.56415962214366,0.559199376407717,1.47345129858306,0.279582692546776,-0.0257575619736215,0.973444340343914,0.0257575619736215,-0.203533358518541,,FALSE,FALSE,,TRUE,FALSE,Low_expression,not_evaluated,0,0,0,0,,,,,,,,,,,,,,,,,,
ENSG00000237232.8,ENSG00000237232,ZNF295-AS1,lncRNA,chr21,1.26297008191847,0.560425235513332,1.47470382336519,0.463028519945654,-0.0245303213472792,0.982595569586692,0.0245303213472792,-0.197488608088576,,FALSE,FALSE,,TRUE,FALSE,Low_expression,not_evaluated,0,0,0,0,,,,,,,,,,,,,,,,,,
ENSG00000273027.1,ENSG00000273027,AL844908.2,lncRNA,chr21,17.5443756240172,0.562712339759205,1.47704352520393,0.00146559877311331,-0.0222522992752396,0.94110144838284,0.0222522992752396,-0.186268253576297,,FALSE,FALSE,,TRUE,FALSE,Low_expression,not_evaluated,0,0,0,0,,,,,,,,,,,,,,,,,,
ENSG00000236056.1,ENSG00000236056,GAPDHP14,processed_pseudogene,chr21,14.1355527143226,0.603928093920225,1.51984910296001,0.122116720808395,0.0189778695959211,0.976298393920122,0.0189778695959211,0.016810161252811,,FALSE,FALSE,,TRUE,FALSE,Low_expression,not_evaluated,0,0,0,0,,,,,,,,,,,,,,,,,,
ENSG00000223431.1,ENSG00000223431,MTND6P21,processed_pseudogene,chr21,2.87361309398861,0.573224271310908,1.48784503447214,0.298840964449596,-0.0117103968783674,0.989013962890294,0.0117103968783674,-0.134344313251681,,FALSE,FALSE,,TRUE,FALSE,Low_expression,not_evaluated,0,0,0,0,,,,,,,,,,,,,,,,,,
ENSG00000160188.10,ENSG00000160188,RSPH1,protein_coding,chr21,5.57692792233607,0.573643481604086,1.48827742701716,0.137528834819057,-0.0113236573674203,0.985925533696798,0.0113236573674203,-0.132439435125173,,FALSE,FALSE,,TRUE,FALSE,Low_expression,not_evaluated,0,0,0,0,,,,,,,,,,,,,,,,,,
ENSG00000215386.13,ENSG00000215386,MIR99AHG,lncRNA,chr21,2.94622777033432,0.593727052046772,1.5091404225485,0.243198541470535,0.00868632634273846,0.990992740989126,0.00868632634273846,-0.033880639857718,,FALSE,FALSE,,TRUE,FALSE,Low_expression,not_evaluated,0,0,0,0,,,,,,,,,,,,,,,,,,
ENSG00000154721.15,ENSG00000154721,JAM2,protein_coding,chr21,9.34335764973109,0.591913232719619,1.50724425740102,0.042072990161842,0.00695542028237715,0.989058952579386,0.00695542028237715,-0.0424061848307376,,FALSE,FALSE,,TRUE,FALSE,Low_expression,not_evaluated,0,0,0,0,,,,,,,,,,,,,,,,,,
ENSG00000273091.1,ENSG00000273091,AP000255.1,lncRNA,chr21,3.87396900922628,0.580759988406247,1.49563691848168,0.166821774707985,-0.00420545745193226,0.995126893355066,0.00420545745193226,-0.0973788764407985,,FALSE,FALSE,,TRUE,FALSE,Low_expression,not_evaluated,0,0,0,0,,,,,,,,,,,,,,,,,,
ENSG00000239415.1,ENSG00000239415,AP001469.3,lncRNA,chr21,17.7179205425519,0.588929638913255,1.50413039227481,0.0013398941507309,0.00396776929735107,0.990661391801842,0.00396776929735107,-0.0571218030955493,,FALSE,FALSE,,TRUE,FALSE,Low_expression,not_evaluated,0,0,0,0,,,,,,,,,,,,,,,,,,
ENSG00000160221.18,ENSG00000160221,GATD3A,protein_coding,chr21,192.517662880421,-0.376600758782603,0.770250298362914,0.562664056439823,-0.961562757831472,0.065838248561951,0.961562757831472,-4.81282410281585,7.58942525222089e-05,TRUE,TRUE,,FALSE,FALSE,Not_DE_outside_noise,not_evaluated,0,0,0,0,,,,,,,,,,,,,,,,,,
ENSG00000241945.8,ENSG00000241945,PWP2,protein_coding,chr21,141.31726224595,-0.276495448346997,0.825594091858672,0.704847409027019,-0.861460215749452,0.13247806590601,0.861460215749452,-4.31977093027355,0.000597431512688835,TRUE,TRUE,,FALSE,FALSE,Not_DE_outside_noise,not_evaluated,0,0,0,0,,,,,,,,,,,,,,,,,,
ENSG00000215533.8,ENSG00000215533,LINC00189,lncRNA,chr21,89.8357612564501,-0.14047312684368,0.907221586348262,0.746987468725883,-0.72543555250078,0.0181046096363866,0.72543555250078,-3.64978403120155,0.00669275256190606,TRUE,TRUE,,FALSE,FALSE,Not_DE_outside_noise,not_evaluated,0,0,0,0,,,,,,,,,,,,,,,,,,
ENSG00000142178.9,ENSG00000142178,SIK1,protein_coding,chr21,34.6884642370551,0.00889388213266066,1.00618381062319,0.991153825896194,-0.576060891953434,0.289283880055797,0.576060891953434,-2.9140419736227,0.0606529285235337,TRUE,TRUE,,FALSE,FALSE,Not_DE_outside_noise,not_evaluated,0,0,0,0,,,,,,,,,,,,,,,,,,
ENSG00000188681.11,ENSG00000188681,TEKT4P2,transcribed_unprocessed_pseudogene,chr21,51.1247320809658,0.0562190931155707,1.03973732162138,0.933886887062811,-0.52874353252296,0.284571568602308,0.52874353252296,-2.68098121713957,0.112312153181006,TRUE,TRUE,,FALSE,FALSE,Not_DE_outside_noise,not_evaluated,0,0,0,0,,,,,,,,,,,,,,,,,,
ENSG00000175894.18,ENSG00000175894,TSPEAR,protein_coding,chr21,177.82313385071,1.07135777084014,2.10141014759326,5.75323720876666e-06,0.486395817683156,0.0809623770153144,0.486395817683156,2.31906839979779,0.194992072663101,TRUE,TRUE,,FALSE,FALSE,Not_DE_outside_noise,not_evaluated,0,0,0,0,,,,,,,,,,,,,,,,,,
ENSG00000142156.15,ENSG00000142156,COL6A1,protein_coding,chr21,124.926483679945,0.102415063293108,1.07356910774747,0.736476204847109,-0.482547475470753,0.0264373455200015,0.482547475470753,-2.45344341425467,0.154634695026353,TRUE,TRUE,,FALSE,FALSE,Not_DE_outside_noise,not_evaluated,0,0,0,0,,,,,,,,,,,,,,,,,,
ENSG00000160224.17,ENSG00000160224,AIRE,protein_coding,chr21,36.6222849598478,0.126576918758367,1.09170034940655,0.679414192438689,-0.458385401621035,0.0469809984497115,0.458385401621035,-2.33443357775078,0.194992072663101,TRUE,TRUE,,FALSE,FALSE,Not_DE_outside_noise,not_evaluated,0,0,0,0,,,,,,,,,,,,,,,,,,
ENSG00000157601.14,ENSG00000157601,MX1,protein_coding,chr21,8930.25504344069,1.04309184886697,2.06063909320522,4.04848450220597e-05,0.458129363521835,0.133079305751971,0.458129363521835,2.17984251591022,0.215414537561547,TRUE,TRUE,,FALSE,FALSE,Not_DE_outside_noise,not_evaluated,0,0,0,0,,,,,,,,,,,,,,,,,,
ENSG00000183421.12,ENSG00000183421,RIPK4,protein_coding,chr21,48.3068662700842,1.03649396413629,2.05123667817205,2.58981064193894e-06,0.451532628416041,0.0854374851443931,0.451532628416041,2.14735042225622,0.220913879528822,TRUE,TRUE,,FALSE,FALSE,Not_DE_outside_noise,not_evaluated,0,0,0,0,,,,,,,,,,,,,,,,,,
ENSG00000234883.6,ENSG00000234883,MIR155HG,lncRNA,chr21,77.4239275594076,1.02946201351886,2.04126291474714,1.03858810425679e-05,0.444453819191521,0.107471603782792,0.444453819191521,2.11248388167315,0.230464345881273,TRUE,TRUE,,FALSE,FALSE,Not_DE_outside_noise,not_evaluated,0,0,0,0,,,,,,,,,,,,,,,,,,
